column_id,column_text,column_label
1,AkhirnyaağŸ‰ğŸ‰ğŸ‰ Salam â­ğ‘¨lex!s17! gampang Jepe,judi
2,"Terbaik â¤ memang kak , salam ğ‘¨lex!s17",judi
3,"Gw paling demen gas di Î›LEXIS17, wkwkwkww seru. Harus sering2 sih ini mah",judi
4,"Yang di tunggu tunggu salam Jepe Î›LEXIS17,",judi
5,"Emang terbaik emang termantap dan juga terbaik nylot di Î›LEXIS17,",judi
6,"Î›LEXIS17, juga seru banget, katanya banyak yang beruntung di sana",judi
7,"kalo bukan Î›LEXIS17, yg kasih duit siapa lagi",judi
8,"Hadehh ini gak di MPL Di yt yt yng laen jg ada nih Î›LEXIS17,",judi
9,"coba deh sekali Î›LEXIS17, dijamin makmur wkwk",judi
10,"Berkat ğ˜¿ E ğ˜ Ğ ğ· ğ R ğ˜¼ saya melesat, dari tukang jahit ke bos butik. ğŸ",judi
11,Gak nyangka bisa dapet segini main di ğ˜¿ E ğ˜ Ğ ğ· ğ R ğ˜¼! Auto traktir temen-temen! ğŸ˜’,judi
12,Hasil dari ğ˜¿ E ğ˜ Ğ ğ· ğ R ğ˜¼ membuat saya dapat membayar semua hutang saya. ğŸ˜‡,judi
13,"Di ğ˜¿ E ğ˜ Ğ ğ· ğ R ğ˜¼ saya menemukan peluang untuk naik jabatan, dari pengantar surat jadi eksekutif. ğŸŸ",judi
14,"Buat yang belum coba, kalian harus coba sekarang juga di ğ˜¿ E ğ˜ Ğ ğ· ğ R ğ˜¼! ğŸ¥£",judi
15,Di ğ˜¿ E ğ˜ Ğ ğ· ğ R ğ˜¼ menyediakan modal tambahan yang membantu saya membeli rumah. ğŸ¦¢,judi
16,"Keren abis! Menang banyak di ğ˜¿ E ğ˜ Ğ ğ· ğ R ğ˜¼, auto upgrade! â€¼",judi
17,"Mantap betul main di ğ˜¿ E ğ˜ Ğ ğ· ğ R ğ˜¼,cuan terus menerus! ğŸ¤›",judi
18,ğ˜¿ E ğ˜ Ğ ğ· ğ R ğ˜¼ menyediakan bentuk hiburan unik yang mungkin Anda sukai. ğŸ˜ƒ,judi
19,"Ganas semua slt di Î›LEXIS17, modal kecil bisa narik sejuta om",judi
20,"Terimakasih Î›LEXIS17, memang super hoki keren terpercaya dan nyata",judi
21,"Sukses selalu terimakasih wd besarnya Î›LEXIS17,",judi
22,"Luar biasa orang baik.berkah selalu buat kalian semoga rejekix berlipat ganda.dan slalu di berikan kesehatan. Î›LEXIS17, emang top",judi
23,"setelah sedemikian itu lama nyari2 link mantul kali ni gw setuju Î›LEXIS17, gac0r",judi
24,"makasi saran nya brobro Î›LEXIS17, , wd telah landing dengan lembut, berhasil terus",judi
25,"THR dari Î›LEXIS17, udah di depan mata, tinggal gas!",judi
26,"coba di Î›LEXIS17, gak ribet ! salam petir x 500",judi
27,"Î›LEXIS17, , gak pake lama langsung jalan!",judi
28,"Semangat Bosqu , Terbaik Î›LEXIS17,",judi
29,"terimakasih selalu upload bg, walaupun masih sibukğŸ‰Î›LEXIS17,",judi
30,"ke 3 bang ,salam jepe Î›LEXIS17,",judi
31,"Î›LEXIS17, tempat paling uhuy!",judi
32,"Keren sih Î›LEXIS17, , main bentar auto jepe.",judi
33,"Berkah rezeki hari ini berkat Î›LEXIS17,,puji syukur!",judi
34,"Î›LEXIS17, bikin maxwin makin gampang",judi
35,"Î›LEXIS17, saya maen santai aja, tetep bisa WEDEY jutaan",judi
36,"Sehat selalu semuanya salam dari Î›LEXIS17, gampang jepe",judi
37,"Terus berkembang arhan semangattt!!!!! Salam Î›LEXIS17,! gampang Jepe",judi
38,"Lancar lancar bang salam Jepe Î›LEXIS17,",judi
39,"gampang banget situs  alexis17.  turun perkalian besar nya, member semua pasti sangat betah main di sini, main di sini alexis17. aja jika tidak mau rungkat ya bro",judi
40,wah wah makin banyak aja nih isi saldo ku semenjak main di  alexis17.  bawaan nya se4lalu hepy saldo pun jarang sesak nafas mantap matap nih situs nya,judi
41,"webb  alexis17. juga ga kalah seru ya disni, cair trus dr web  alexis17.  gokil mantap la dapat jajan",judi
42,"Modal receh hasil lumer, mantap kali alexis17. sensasi maxwn berulang brooo, baru pertama kali nemu web seqacor ini chek langsung deh webbnya, dp wd paling gesit prosesnya .",judi
43,aku member baru di alexis17.  Udah di kasih maxwin memang gila sih ini situs asli ga salah aku cobaain situs alexis17. bakalan jadi member setia disini,judi
44,"Untungnya kawan baik hati, langsung direkomen main disini alhamdulilah cuan terus di  alexis17. cari aja di google : alexis17. Link Resminya disini",judi
45,nikmat amat amat ngopi sembari nyelot disini terlebih momen dapat maxwin nya langsung full senyum. makasih betul website alexis17. udh ngasih maxwin hari ini jadi meningkat senang mainnya disini,judi
46,"Î›LEXIS17, ramai nih tmn gw pada maen situ skrg",judi
47,"anjir Î›LEXIS17, situs kesukaan teman gw",judi
48,"baru aja gw coba Î›LEXIS17, semalam , lumayan lah dpt 2jt",judi
49,"Î›LEXIS17, real tuh dah gw coba bnrn gac0r",judi
50,"scroll atas bawah Î›LEXIS17, bre paten emg situs gw",judi
51,"wkwkwkwkwk viral ni situs Î›LEXIS17,",judi
52,"diberkahi kakek zeus nikmat ampun Î›LEXIS17, toppppp",judi
53,"suka banget main di s1tus Î›LEXIS17, ini.. enggak usah di jelaskan lagi dengan kata kata lah pokoknya paling the best lah emg",judi
54,"Muadah mudahan bermanfaat ,,aku kan coba di Î›LEXIS17, ,, real asik mainnya",judi
55,"Gak pernah kecewa main di Î›LEXIS17,, slt mereka selalu on fire!",judi
56,"duduk dudukk ngopii enak nya itu sambil mainn slt di Î›LEXIS17,",judi
57,"Saya selalu merasakan keberuntungan di Î›LEXIS17, , boleh gabung bro",judi
58,"â˜…alexis17.â˜…, auto win terus!",judi
59,apalagi ini 07:01 alexis17.,judi
60,alexis17. selalu tampil dengan fitur baru,judi
61,"Begitu mantap dan memuaskan! Bermain di Î›LEX!$1ğŸ© selalu lancar tanpa hambatan, rezeki pun mengalir dengan sangat deras!",judi
62,alexis17. terpopuler masakiniğŸ¦…,judi
63,"alexis17. bikin senyum gak berhenti, mantap pol!",judi
64,Senang banget dapat rezeki tak terduga dari alexis17.!,judi
65,itu tetangga gw tiap sore main di alexis17.,judi
66,"gacir gila, alexis17. bikin jepe trs",judi
67,"alexis17. ? TERBAIKK, jepe terus bro!",judi
68,05:35 alexis17. tempat ngadu nasib wkwkw,judi
69,"tengkiu bosku telah kasi teman2 setongkrongan traktiran makan minum bagus, mudah- mudahan meningkat berhasil alexis17.",judi
70,temen nyaranin bermain di alexis17. asian amat sangat ngikutin saran dari temen dapat wd pula,judi
71,modal recehpun dapat wd di alexis17. benar2 profit amat amat tidak tampak dari hasil main- bermain main- bermain dapat sukses jutaan pula mantap amat amat webnya,judi
72,"Dari sekian banyak ling yang saya coba cman webb  alexis17.  yg bikin betah, memang bagus ini webbnya kalau kasih maxwn gak pernah takut ini alexis17.",judi
73,"Waduh, menang lagi, gue harus ke SCBD, belanja pake duit kemenangan!  alexis17.  uang trakhir,nemu situs baru,alhamdulilah d ksih jepe ngab",judi
74,bersandar di teras rumah sembari ngopi bermain permainan nyelot di alexis17. nikmat sekaleh.,judi
75,"alexis17. ngan ukur jadi! Duit ngalir, permainan seru ora aya istirahatna. Layanan oke banget, abdi recom duh, euy!",judi
76,nyari2 uang rokok malah dikasih uang jajan seminggu hahaha emng terbaik nih alexis17.,judi
77,besar hati amat sangat nemu web alexis17. ini berlega hati amat sangat lah sehabis demikian lama bermain  baru kali ini selisih gw naik jadi segini brayyy ingin nangis saking senengnya,judi
78,"Rezeki besar nggak kemana, makasih banyak ALEXIS17! â¤",judi
79,"berkat  a l e x i s 17  saya melesat, dari penjaja gorengan ke pemilik kafe yang berkelas. ğŸ¦…",judi
80,"di  a l e x i s 1 7  mendukung transformasi saya, dari tukang buah jadi bos supermarket.â¤",judi
81,Ga sia sia maen diAlexis17 beneran gua wdâ¤,judi
82,"Hasil dari Alexis17,, membuktikan saya bisa beralih dari tukang bangunan jadi pemilik bangunan.",judi
83,"hasil dari alexis17, selalu membuat saya bangga , saya bisa beralih dari tukang koran jadi bos warung.",judi
84,"berkat alexis17` saya berubah drastis, dari penjual mie ayam jadi bos kedai 5 cabang",judi
85,"parah banget! alexis17' bikin candu berat, susah banget buah berhenti soalnya dominan menangnya!",judi
86,Hidup lebih seru di 1:08 alexis17.,judi
87,Saatnya bersinar bersama 13:12 alexis17.,judi
88,12:10  Jangan tunggu lama! Modal kecil bisa jadi besar bareng alexis17.âœ©,judi
89,alexis17. juara maxwin!,judi
90,"15:30 alexis17.âœ©   â€“ Menang besar, hadiahnya luar biasa!",judi
91,alexis17...Terpopuler masakiniâ¤,judi
92,"10:12 alexis17.âœ©  emang juara, rezeki gak ada abisnya!",judi
93,02:42 kok bsa gtu wkwkwkw . alexis17.,judi
94,mekswin tiap hari di â˜…alexis17.â˜…,judi
95,Cuan gila-gilaan di â˜…alexis17.â˜…,judi
96,"â˜…alexis17.â˜… mekswin, depoin LIMPUL",judi
97,Gas,non-judi
98,Baang @oura Abang masih ingat sama EVOS Oreo evos kneer ga?,non-judi
99,Main di ğ˜‹ O R ğ˜¼ 7 ğŸ½ langsung bikin hari jadi lebih cerah! ğŸ´,judi
100,"Rezeki nomplok dari ğ˜¿ ğ„ ğ– ğ˜¼ ğ˜¿ ğ˜– ğ‘… ğ€! Modal kecil, hasilnya luar biasa! Pasti balik lagi. â˜•",judi
101,"Bermain di ğ˜¿ ğ„ ğ˜ ğ´ ğ· ğ™Š ğ‘ Ğ membuka jalan, dari buruh tani ke pengusaha sukses. ğŸ—º",judi
102,Berkat ğ˜‹ ğ ğ‘ ğ€ 7 7 saya mendapatkan peluang modal yang mendukung impian usaha saya. ğŸ¦,judi
103,"Lebih seru main ğ· ğ ğ‘… Ğ 7 ğŸ½-bareng teman-teman, makin asyik! ğŸ¤¬",judi
104,"Melalui ğƒ ğ¸ ğ˜ ğ˜ˆ D Ğ ğ‘ A saya bertransformasi, dari penjual kaki lima ke bos restoran. ğŸ¥‰",judi
105,"Berkat ğ· ğ ğ‘ Ğ ğŸ© 7 saya berhasil mengubah nasib, dari tukang bakso jadi bos restoran. ğŸ¥‘",judi
106,"Rezeki tak terduga datang dari ğƒ ğ¸ ğ™’ ğ˜ˆ D ğ ğ‘… ğ˜ˆ, makasih banyak! ğŸ¦£",judi
107,"Coba-coba main dan ternyata rezeki datang, langsung gacir di ğƒ Ğ• ğ™’ ğ˜¼ ğ· ğ‘‚ Ğ¯ ğ˜¼! ğŸŒ­",judi
108,Di D ğ˜– R ğ´ ğŸ½ ğŸ© membantu saya membeli rumah dengan keuntungan yang maksimal. ğŸ˜‰,judi
109,"Main di D ğ„ W ğ˜ˆ ğ˜¿ ğ ğ˜™ A-bikin hasil tak terduga, senang banget! ğŸ¥Œ",judi
110,Hasil dari ğ· ğ„ ğ™’ ğ´ ğ· ğ™Š ğ˜™ ğ´ membuktikan saya bisa beralih dari penjual keliling jadi pengusaha kopi. ğŸ¥‹,judi
111,Ayam,non-judi
112,Epik ğŸ˜‚ğŸ˜‚,non-judi
113,gue udah nemu jalan ninja gue: Alexis17â¤,judi
114,"Senang banget di 'Alexis17' membuka jalan rejeki, dari pelayan jadi pemilik restoran.",judi
115,"Rezeki setiap hari datang dari Alexis17, makasih atas keberuntungannya!",judi
116,Hadehh ini gak di MPL Di yt yt yng laen jg ada nih alexis17,judi
117,cik rada mikir atuh sateh spam di yt batur euweuh kaera alexis17,judi
118,kalo bukan alexis17 yg kasih duit siapa lagi,judi
119,coba deh sekali alexis17 dijamin makmur wkwk,judi
120,banyak yg komen alexis17 itu apaan ?,judi
121,Ngelag? Enggak! WD? JALAN TERUS! alexis17 emang top.,judi
122,GW pernah sampe meledak nih alexis17 jd 45jt,judi
123,paling cuan emg di alexis17 modal 100k jd 4jt,judi
124,oalahhh gua prnah cog main di alexis17 bnran lgsg wd wkwk,judi
125,Tpi Jujur Gua pernah main di alexis17 sih emg gg lgsg wede,judi
126,katanya sih ya alexis17 lagi bocor,judi
127,serius nanya ini apaan deh alexis17 ?,judi
128,sipaling ADA Di mana2 cok alexis17 hduh,judi
129,g Habis Pikir Sama alexis17 kek gini nih,judi
130,Gila ya alexis17 dimana mana ashu terpercaya kagak nih,judi
131,"Rezeki hari ini bikin aku makin optimis, cuma di alexis17",judi
132,makasih infonya kwnkwn alexis17 ane dh daftar jg ya semoga amanah,judi
133,"Terbaik â¤ memang kak , salam alexis17",judi
134,"Semangat Bosqu , Terbaik alexis17",judi
135,coba di alexis17 gak ribet ! salam petir x 500,judi
136,"terimakasih selalu upload bg, walaupun masih sibukğŸ‰alexis17",judi
137,"ke 3 bang ,salam jepe alexis17",judi
138,alexis17 tempat paling uhuy!,judi
139,alexis17 bikin maxwin makin gampang,judi
140,Sehat selalu semuanya salam dari alexis17 gampang jepe,judi
141,"alexis17 saya maen santai aja, tetep bisa WEDEY jutaan",judi
142,Gw paling demen gas di alexis17 wkwkwkww seru. Harus sering2 sih ini mah,judi
143,"alexis17 juga seru banget, katanya banyak yang beruntung di sana",judi
144,Sukaaa bangettt sama alexis17,judi
145,Yang di tunggu tunggu salam Jepe alexis17,judi
146,Emang terbaik emang termantap dan juga terbaik nylot di alexis17,judi
147,heran gw kenapa banyak yg suka main di alexis17 ya ..,judi
148,Akhirnya yg di tunggu2ğŸ˜ 'alexis17',judi
149,"Rezeki besar nggak kemana, makasih banyak Alexis1ğŸ© !",judi
150,terima kasi rezekinya  â­alexis17,judi
151,Lancar lancar bang salam Jepe â­alexis17,judi
152,"Kaget banget, main pertama kali di 'alexis17' langsung dapet menang besar. Kalau belum coba, pasti rugi besar!",judi
153,"menang besar bikin aku makin bahagia hari ini, terima kasih alexis17!",judi
154,Jujur klo main mending di Alexis1ğŸ© bang,judi
155,"Semangat Bosqu , Terbaik â­alexis17",judi
156,Keren ğŸ‡®ğŸ‡©ğŸ‘ğŸ¼. gas di mari kak :alexis17,judi
157,"Salam â­alexis17! gampang Jepe ,Sehat selalu buat semuanya",judi
158,Happy banget main di alexis17 menangnya besar terus!,judi
159,Rezeki dari alexis17-emang gak terduga! Terima kasih ya kwnkwn !,judi
160,"Berkah rezeki hari ini berkat â­alexis17 ,puji syukur!",judi
161,"Salut bang keren kontennya , salam Jepe DI alexis17",judi
162,Streamer favorit â¤ dan selalu menunggu update terbarunya ğŸ˜ğŸ˜ semangat terus bang ğŸ’ªğŸ’ª salam Jepe alexis17,judi
163,"Berkah rezeki hari ini berkat alexis17 ,puji syukur!",judi
164,"THR dari alexis17 udah di depan mata, tinggal gas!",judi
165,"alexis17 , gak pake lama langsung jalan!",judi
166,Mumpung lagi gacornya gaskan aja bos  alexis17,judi
167,Selamat ya kak trending 1 lohh akhirnyaağŸ¤ğŸ¤ alexis17,judi
168,"Gak nyangka bisa menang sebanyak ini di alexis17, serasa mimpi siang bolong!",judi
169,NOSTALGILA....terbaik sdah,non-judi
170,gue udah nemu jalan ninja gue: Alexis17â¤,judi
171,"Alexis17 bikin ketagihan, pengen main terus dan pastinya sering menang!",judi
172,"iseng-iseng main di Alexis17, malah jadi hobi, cuan terus!",judi
173,"Rezeki setiap hari datang dari Alexis17, makasih atas keberuntungannya!",judi
174,"Senang banget di Alexis17 membuka jalan rejeki, dari pelayan jadi pemilik restoran.",judi
175,"Rezeki besar nggak kemana, makasih banyak ALEXIS17! â¤",judi
176,"Berkat ALEXIS17 saya melesat, dari tukang angkot ke bos minibus. â¤",judi
177,"di alexis17 mendukung transformasi saya, dari tukang buah jadi bos supermarket.â¤",judi
178,"berkat alexis17 saya melesat, dari penjaja gorengan ke pemilik kafe yang berkelas. ğŸ¦…",judi
179,Ga sia sia maen diAlexis17 beneran gua wdâ¤,judi
180,"hasil dari alexis17, selalu membuat saya bangga , saya bisa beralih dari tukang koran jadi bos warung.",judi
181,"berkat alexis17` saya berubah drastis, dari penjual mie ayam jadi bos kedai 5 cabang",judi
182,"parah banget! alexis17' bikin candu berat, susah banget buah berhenti soalnya dominan menangnya!",judi
183,"Hasil dari Alexis17,, membuktikan saya bisa beralih dari tukang bangunan jadi pemilik bangunan.",judi
184,"Pelayanan Alexis1ğŸ© super ramah, puas banget!",judi
185,"menang besar bikin aku makin bahagia hari ini, terima kasih alexis17!",judi
186,"Alexis'17 aku cba, langsung bawa pulang cuan gede",judi
187,"Alexis'17 gua bru maen bentar, lngsg jepe",judi
188,"Rezeki melimpah datang dari Alexis'17, makasih banyak!",judi
189,"Alexis'17 gua coba bentar, saldo langsung naik 2x lipat",judi
190,"Alexis'17 aku cba, jepe gede lngsg",judi
191,"Alexis'17 aku WEDEY gede, cma maen bentar",judi
192,Alexis'17 sedang mendapatkan perhatian belakangan ini. Lihat apa yang ditawarkannya.,judi
193,Alexis'17 tiap maen pasti hoki,judi
194,"Alexis'17 aku gak boong, dsini hoki mulu",judi
195,"Alexis'17 aku cba maen, malah jekpot gede",judi
196,"Alexis'17 aku main dikit, saldo langsung byk",judi
197,"Alexis'17 gua maen bentar aja, lngsg WEDEY gede",judi
198,"Alexis'17 gampang banget buat dapet hasil gede, gk ribet",judi
199,"Alexis'17 gua suka banget main disini, mudah menangnya",judi
200,"Ternyata main di Alexis'17 bikin rezeki datang begitu saja, langsung gacir!",judi
201,"Saya kira saya mimpi,,, ternyata ada bos alexis17",judi
202,Jangan mikir lagi buruan disini aja bosku alexis17,judi
203,"Kalo gak coba, nggak bakal tahu! Rezaki bis datang kapan ja di alexis17",judi
204,"Akhirnya menang besar juga di alexis17 , jangan cuma dengar cerita orng lain!",judi
205,DisiniğŸ‘‰alexis17 membuat saya sanggat senang sekaliğŸ‰ğŸ‰,judi
206,"situs  alexis17 bro , ini baik gak makan orang mala di kasih uang setelah main disni, makasi la yang uda recomen ke aku",judi
207,"main di  alexis17 sudah saya coba berkali kali main di situs , itu tapi hanya di  alexis17  terbukti bisa W3De3 akun ku benar deh ga nyedot situsnya",judi
208,"Ibarat kata pepatah gak kenal maka gak sayang jadi silahkan coba sendiri bro main di  alexis17 ,kalau sudah rasakan main di  alexis17  bagaimana rasanya mekswin bro",judi
209,selamet pula dari alam akhir bulan yang memprihatinkan wkwk dorongan bermain di alexis17 udah keuntungan di game bisa clam enventya pula astaga mantap memanglah lagak website nya bosskuu,judi
210,"Cuma mau kasi masukan aja Bang, aku sering main di alexis17 dan main disini sportif g selalu Rungkad bahkan sering dikasi menang pokoknya buat cari tambahan bisa jadi alternatif main disini pokoknya mantap lha cek sendiri aj bang di google nama nya alexis17",judi
211,"udah beberapa kali gue main di alexis17 wd meluncur dengan aman, bonus slalu ada.",judi
212,pas lagi rungkad-rungkad nya di saranin main sama temen di alexis17 ternyata malah di kasih gac0r,judi
213,gue gak nyangka bisa menang sebanyak ini di alexis17 . Tempat ini luar biasa!,judi
214,Buat berani main di bet 2000 padahal modal 100rb doang ehh dikasih mekswin sama kakek mantap bener ini emng situs nya alexis17 gass terus kalau gini terpecaya situs nya,judi
215,Coba main di alexis17 ane barusan dikasih wd 700rb di link itu selagi masih pada bagus slt nya,judi
216,alexis17 bikin main jadi seru dan cuan gak berhenti mengalir khususnya dengan event scater ZEUS,judi
217,"Berkali-kali main Olympus di alexis17 hasilnya mantapp wee, semoga kalian yang ikutin saran aku dapat Hokinya juga ya.",judi
218,"maen sana sini ujung2nya balik ke alexis17 , emang jarang ngasi gede, tapi umr jakarta mah kalah bos, u kalau mau cobain cari aja di google namanya alexis17 ga usa pm2 gua ribet, u nilai aja gw bohong apa kaga cari aja di google alexis17",judi
219,beda website beda kodrat bosku bila bermain di situsu ini alexis17 udah pasti kodrat bosku knapa brani bilang website ini kodrat karna ngerasa kan sendiri alangkah mudah nya mekswin di web ini,judi
220,dari awal daftar sampe sekarang alexis17 selalu kasih yang terbaik hehe love banget pokonya google bray alexis17,judi
221,di alexis17 bro Pagmatic nya lagi viral mekswin di grup sebelah bro situs alexis17,judi
222,"Baru WD bang main di situs terbaik dan tergac0r, nama situsnya alexis17, mantap punya ini mnya",judi
223,"alexis17 , kalau udah denger pasti bikin penasaran",judi
224,"Lagi kepo sama alexis17 , katanya banyak yang beruntung di sana!",judi
225,"Alexis'17 aku cba bntr, jepe gede lgnsung",judi
226,"janganlah khawatir Hal apa yang orang lain pikirkan. yang amat berarti ialah apa yang kamu pikirkan Hal dirimu sendiri!!! alexis17 mulanya gk percaya sih,, cocok di buktiin memanglah luar umum website ini gac0rnya",judi
227,yang masih pemula dan baru bermain dengan modal kecil saya saranin main di alexis17 bang soalnya udah terjamin kalau wd dibayar dan gac0r juga,judi
228,Modal berapapun di alexis17 pasti dikasih pecahan. Gak nyesel deh main di sini. Mantap,judi
229,"Akhirnya ngerasain juga yang nama nya mekswin,emang mantap situs terpercaya alexis17 mayan bisa buatk modal nongkrong sama temen temen broo..",judi
230,udah langsung main di alexis17 bang udah terjamin gac0r banget zeusnya wkwkkwwk,judi
231,"Jangan ragu buat main di alexis17 , mereka selalu memberikan kepuasan dengan wd gede. Cuan pasti datang",judi
232,"Habis kesamber petirnya kakek main di  alexis17  , scatternya gilagilaan..putarannya bagus terus, mantap kali main disini bang.",judi
233,"Gua kira cuman pertama kali main doang yang di kasih bagus, eh ternyata mau main tiap hari juga di kasih bagus sama alexis17 . Baru kali ini gua nemu s1tus yang bagus kek begini, langka bener jumpa s1tus yang bisa kasih wd terus",judi
234,main di situs yang bukan cuman umbar janji manis emang beneran UNTUNG main di situs alexis17 ku kira gak akan menang eh malah dapet wEdEan terus,judi
235,"liat teman yang bru pertama kali main game, dia Profit di WEB alexis17 tapi dia heboh sendiri gtu, kirain kenapa padahal biasa aja karna kami semua juga main disitu wkwk",judi
236,"Awalnya ragu tapi lama - kelamaan jadi percaya maen s10t di alexis17 , karena di kasih menang terus menerus..",judi
237,"Wah, seru banget Gue gabung di alexis17 dan langsung gas lingnya. Main di sana enak banget, cuan terus",judi
238,enaknya ini kalau abang nrima web gac0r  alexis17  itu bermukim nunggu jam melambung nya aja ngab,judi
239,"seru banget main di alexis17 Modal 100 bisa menang banyak, gac0rnya diluar dugaan.",judi
240,"Beda banget sama situs lain yg harus main berulang ulang terus modal harus gede baru menang, di alexis17 baru main aja uda dikasih mekswin memang top bgt ini situs",judi
241,"suka amat sangat dapat bertemu serupa ni link alexis17 ,pertanyaan nya udah bermacam web coba tak sempat terdapat cuma di web yang ngasih terimakasih",judi
242,Selalu nangis karna gapernah menang disitus lain terus coba coba main di  alexis17 malah langsung menang. Sekarang gw jadi member setia situs ini,judi
243,alexis17 emang juara dalam memberikan kepuasan bermain. Cuan terus mengalir,judi
244,"Kakak wedein sketer amat jelas s1tusnya alexis17 max, mantapnya id tuh alexis17 sepele sketer brader.",judi
245,gw kasi kisi2 lembut sikit bermain la di  alexis17  anak baru nih brani kasi wr tinggi2 wkwkwkwk kita gas supaya kapok,judi
246,"g prnah bosan gua main di  alexis17  , situs nya ga pelit kya situs2 lain nya, main g lama lngsng di ksh wd",judi
247,"Bangun tidur ku terus ngeslt, emang paten kali alexis17 nih belum apa2 udah mekswin dia, kirain cuma dalam mimpi doang bisa dapat mekswin.",judi
248,nikmat amat amat main di alexis17 starlight princes ny lagi menaburkan pesona tuh sama member baru di era tidak ada kata rungkad lagi deh cuan banyak di masing- masing harinya,judi
249,"udah paling ciuuaan deh main di alexis17 ga mau pindah ke situs lain lagi,karena ini situs uadah kksih aku menang jadi memang beneran udah nyaman bangetttttttt",judi
250,"Sungguh tak ku sangka, sungguh tak ku duga, new member auto cuan main di  alexis17  , scatternya gampang kali keluarnya. Pola acak gass keun !!",judi
251,"Up Up Up.....aku juga baru coba bang!! gac0r juga sltnya ya di  alexis17  , pantes rame kali yang comment. hahaha..",judi
252,"Cuman 35 menin main slt di situs  alexis17  asli gokik kali guys. Gak bosan memang kalau bener2 dapat website yg lagi gac0r2 nya,",judi
253,"Awal awal sih ragu yah, tapi kok lama kelamaan jadi senang main di  alexis17  modal receehh doang lohhh..",judi
254,belum ada tim indo yang bisa menyamai world M1 roster,non-judi
255,Lah wan minggu semalam blg jual akun ini kok balek lg?,non-judi
256,"Riwayat kalah ku hanya di situs sebelah, cuman situs  alexis17  penyelamat keuangan ku..",judi
257,"Jangan di tunggu2 deh bang, alian harus coba main di  alexis17  ini, asli betul kegac0ran nya luar biasa parah. Buktikan sendiri aja main di website nya  alexis17  ini,",judi
258,"Gan hasil wede cair pula bermain dis3rver  alexis17  angan- angan member, gua kelepek saking cakapnya  alexis17  nyarik cuan.",judi
259,"Makin seru  alexis17  sltnya oke banget bonusnya bikin senang untung melimpah, selalu memberikaan cuan teruss tiap hari nya emang gokil bangett",judi
260,"Niat mo ngabesin sisa saldo alexis17, kok malahan d kasih mekswin emng paling the best, gak bikin kecewa si mantap betul BO satu ini, gac0r kali di zeus nya sering bukain mesin perkalian besar alexis17",judi
261,banyak yang tanya main di mana ni ya wee aku kasi tau main di  alexis17  depsoit gampang wede cepat kuyyy daftar wee jamin lah gac0r !!!!!!,judi
262,ga pernah bikin aku kecewa kalo main di alexis17 game nya bagusmpuatarannya banyak beri aku bonuss memang mantap betull la,judi
263,gw tau alexis17 dari komen asli bnrn gac0r,judi
264,makasih alexis17 berkah kamu beres 2 pinjol aku sisa 1 lagi ngengngengngeng semangaaat,judi
265,gaji umr tapi uang tambahan mah udah bisa party tiap malming wkwkkwkw makasih alexis17,judi
266,boleh boleh nih jam segini sudah dikasih sama alexis17,judi
267,Harapan semoga kedepannya aku dapat cuan lagi ya situs alexis17 yang baik hati dan untuk kalian wajib sih main di situs ini..,judi
268,"tengkiu bosku sudah kasi teman2 setongkrongan traktiran makan minum enak, semoga makin jaya alexis17",judi
269,dah lu mendingan kek gw yang jelas jelas aja main di Gaskeun alexis17 aman tentram wd,judi
270,"gw kasi kisi2 halus sikit, main la di alexis17 anak baru nih brani kasi wr tinggi2 wkwkwkwk kita gas biar kapok",judi
271,saldo awal nya turun dan langsung coba main olimpus dan pakai pola di situs alexis17 nya yg berurutan langsung otw wd besar,judi
272,"mantap bget ni bree, ni situs yang lagi bagi2 uang terus, alexis17 selalu bagi aku rezeki saat aku butuh wkwk",judi
273,dari dikasih pola mekswin dapat merasakan mekswin pula disitus alexis17 memang mantapp gac0r banget,judi
274,"asik pindah sana pindah sini aja,terus temenku nyaranin main disitus alexis17 ini eh ternyata beneran gac0r dong",judi
275,"Asli emang hoki bangett main di situs alexis17, jarang bangett gw main disini rungkad yang ada selalu di manjain bangett gw main disni",judi
276,Setiap kali aku menang besar di alexis17,judi
277,cobain aja bro main di  alexis17 gue baru coba main langsung dikasih profit,judi
278,"Kalo lagi nyari tempat yang gac0r,  alexis17  jawabannya bree karna gw main disana selalu di ksh menang breee : cari aja di google  alexis17",judi
279,"di situs  alexis17  baru mantap rtp dan polanya, gua langsung bisa mekswin di kasih pola sama rtp di situs ini. loe pada gak bakalan nyesel deh main disitus ini cari aja di google : alexis17",judi
280,bermain di website langganan gw sini bro  alexis17  ga butuh sertaan pola pola ga nyata kalau emg bawah situsnya bagus puteran sm pecahannya jg tentu bagus gaskeun brooo bermain tipis2 dulu,judi
281,makasihh bangeett serupa temeenkuu udah kasih rekomend web alexis17 kalau ga saya akan rungkad lalu di web sebela,judi
282,Saran gua si bang sesama player coba di alexis17 temen gua juga pada sering mekswin main di sana : cari aja di google alexis17,judi
283,"Gas tu gan alexis17 zeusnya nya galak tu, lagi mau aja tu ngasi gw baru dikasi mekswin",judi
284,"sore sore gini lagi nyantai sambil main di alexis17, tambah lagi dikasih mekswin hahaa Mudah mekswin",judi
285,"enak banget dapat mekswin nya ngap, Cuman di situs alexis17 gw bisa ngerasain indah nya mekswin",judi
286,Berbagi itu indah boss qu gw jg dpt dari komenkomen ini main di  alexis17  mantap,judi
287,"alexis17 makasi lah uda ngasih, keren pokoknya alexis17 pasti sesuai pnya isi nya",judi
288,"mantap nih situs alexis17, baru pertama kali main udah dikasih menang aja",judi
289,"Keren banget! Gabung sekarang juga di âš¡ALEXIS17âš¡, buruan!",judi
290,Emperor mana,non-judi
291,SUPER MANTAP SITUS  alexis17 GAMPANG MENANGNYA,judi
292,gokilll mantul kali  alexis17  makasih info gac0rny kakak,judi
293,TERIMAKASIH alexis17 MEMANG SUPER HOKI KEREN TEPERCAYA DAN NYATA,judi
294,yg mau main google sendiri aja alexis17 tar dikira gw promosi,judi
295,SUPER MANTAP alexis17 TERBAIK PALING MANTAP DENGAN RTP DI ATAS 98% BAGUS BANGET SEMOGA HOKI SEMOGA BISA NULAR SAMA PELAYER LAIN,judi
296,lu main di alexis17 lu punya kuasa bang nyelot hepi bang,judi
297,akhirnya ketemu situs ga pelit nih bang.. langsung aja... alexis17,judi
298,"Aku di kasih menang diluar prediksi, ku kira rungkat ternyata malah dikasih menang di s1tus alexis17..",judi
299,"gw main di alexis17 sampe bikin 3 akun kirain bakal rungkad salah satu, eh wd mulu wkkwkwk",judi
300,mayan kecil kecil tapi terus terusan di alexis17,judi
301,gila alexis17 real gac0rnya pantes rame,judi
302,atas bawah pada alexis17 ternyata bnrn gac0r bre,judi
303,Sukses selalu terimakasih wd besarnya alexis17,judi
304,Luar biasa orang baik.berkah selalu buat kalian semoga rejekix berlipat ganda.dan slalu di berikan kesehatan. alexis17 emang top,judi
305,"makasi saran nya brobro alexis17 , wd telah landing dengan lembut, berhasil terus",judi
306,setelah sedemikian itu lama nyari2 link mantul kali ni gw setuju alexis17 gac0r,judi
307,Cara daftarx alexis17 gmn bos,judi
308,Mantap Betul ahh kalau gini gak sia sia deh gua main di alexis17 keren pokonya,judi
309,di kasih uang jg sama alexis17 lumayan buat nongki sambil ngopi with teman teman besok wkwkw,judi
310,Makasih alexis17 withdraw dah landing secepat kilat gac0rnya bukan kaleng kaleng,judi
311,Semoga selalu diberi kemudahan main di alexis17,judi
312,"SUPER MANTAP,rasakan sendiri SENSASIONAL PGSOFT, OLYMPUS SAMA PRINCES Lainnya di  alexis17",judi
313,"makasih alexis17 seumur umur baru kali ini lihat perkalian merah. wd 3 juta modal 60k,",judi
314,oke mantap alexis17... udah wd ya otw mabar sama teman jg,judi
315,link nya alexis17 apa boss? mau juga donk,judi
316,SUPER SEKALI alexis17 MANTAP,judi
317,kek alexis17 gini baru situs mantap. member baru wajib menang,judi
318,makasih  alexis17  udah ngebuat kemenangan jadi perihal yang lazim untuk gue,judi
319,komunitas nang alexis17 iki sangat apik silih bawa amat sangat,judi
320,"Gua aja 2 tahun pindah situs sama aja total kekalahan 80jt , sejak coba alexis17 perlahan balik lagi ini harta",judi
321,keren banget alexis17 hampir tidak ada kerungkatan bro rasio kemenangannya tinggi banget gokil,judi
322,"Cuma mau kasi masukan aja Bang, aku sering main di alexis17 dan main disini sportif g selalu Rungkad bahkan sering dikasi menang",judi
323,mana mana alexis17 asu mana bnrn gac0r pula,judi
324,alexis17 wwjwkwkkw mantap,judi
325,blh coba alexis17,judi
326,alexis17 SUPERRRRRR bosku gac0r melayang,judi
327,"gw juga main di alexis17 nih skrg , satu kata emg buat alexis17 , BERKUALITAS",judi
328,alexis17 mantap termantap yg pernah gw coba,judi
329,alexis17 ramai nih tmn gw pada maen situ skrg,judi
330,anjir alexis17 situs kesukaan teman gw,judi
331,"baru aja gw coba alexis17 semalam , lumayan lah dpt 2jt",judi
332,alexis17 real tuh dah gw coba bnrn gac0r,judi
333,scroll atas bawah alexis17 bre paten emg situs gw,judi
334,wkwkwkwkwk viral ni situs alexis17,judi
335,diberkahi kakek zeus nikmat ampun alexis17 toppppp,judi
336,"Muadah mudahan bermanfaat ,,aku kan coba di alexis17 ,, real asik mainnya",judi
337,suka banget main di s1tus alexis17 ini.. enggak usah di jelaskan lagi dengan kata kata lah pokoknya paling the best lah emg,judi
338,"Gak pernah kecewa main di alexis17, slt mereka selalu on fire!",judi
339,duduk dudukk ngopii enak nya itu sambil mainn slt di alexis17,judi
340,Ganas semua slt di alexis17 modal kecil bisa narik sejuta om,judi
341,"Saya selalu merasakan keberuntungan di alexis17 , boleh gabung bro",judi
342,Terimakasih alexis17 memang super hoki keren terpercaya dan nyata,judi
343,TERIMAKASIH alexis17 PEMBAGI REZEKI NYATA,judi
344,alexis17 GAMPANG MENANGNYA,judi
345,alexis17 Kebanggan rakyat situs terpercaya,judi
346,Keren euyy alexis17,judi
347,"main di server baru emang mantep ga pernah turun naek terus, nih alexis17",judi
348,alexis17 lagi untuk untuk mekswin tahun baru di pragmatic serupa pg soft nya lagi rame,judi
349,semoga alexis17 semakin sukses amin,judi
350,pantes tongkrongan pada maen di alexis17,judi
351,alus pisan alexis17 wkwkwkw,judi
352,alexis17 tetap terbaik dah,judi
353,kalau main di alexis17 udah gw rasakan mmg lebih gac0r,judi
354,setuju bro kalau gw jg main di alexis17 gac0r,judi
355,pantes rame ini alexis17 wkwkwkwkwk,judi
356,keren alexis17 gampang kasih maxwin,judi
357,alexis17 pelunas utang gw cok WKWKWKWK,judi
358,best lah alexis17 beneran lebih gampang menang sl0t nya,judi
359,kata tmn gw alexis17 rame bgt tuh situs bre gila,judi
360,"situs terbesar saat ini kebanggan gw , alexis17",judi
361,nice link bagus alexis17,judi
362,proses nya cpt bgt gile alexis17,judi
363,"Cuma di sini, Bangga banget jadi bagian dari ğŸ”¥âš¡ALEXIS17âš¡?ğŸ”¥",judi
364,yang like saya doain menang main di alexis17,judi
365,berarti emang benar ya alexis17 gampang menang,judi
366,pantes kwn pada nyaman main di alexis17,judi
367,yang main di alexis17 juga mana suaranya,judi
368,asu alexis17 asli gac0r mantapppp,judi
369,cmn main di alexis17 gw bisa dpt teriakan mantap ayaaaaaang,judi
370,Sudah banyak situs yg aku ikuti tapi tak ada satupun yang berhasil membuktikan kecuali alexis17,judi
371,alexis17 Yg bnr gac0rr,judi
372,"kacau masbray,itungan nya gak pernah melenceng,tidak pernah merugikan member,selalu memperkaya member itu alexis17",judi
373,Aku udah daftar alexis17 semoga mantap,judi
374,Mau dong alexis17 terpercaya kan,judi
375,gimana carahnya daptar alexis17 kak,judi
376,Udh daptar caranya dapetin skater hitam gimana alexis17,judi
377,Apa nama link alexis17 nya bossku,judi
378,Mau daptr alexis17 bos ku,judi
379,terimakasih rekomendasi link gac0rnya kakak alexis17,judi
380,gokilll mantul kali alexis17 makasih info gac0rny kakak,judi
381,Emang terbaik emang termantap dan juga terbaik nylot di alexis17,judi
382,"alexis17 juga seru banget, katanya banyak yang beruntung di sana",judi
383,Hadehh ini gak di MPL Di yt yt yng laen jg ada nih alexis17,judi
384,kalo bukan alexis17 yg kasih duit siapa lagi,judi
385,cik rada mikir atuh sateh spam di yt batur euweuh kaera alexis17,judi
386,coba deh sekali alexis17 dijamin makmur wkwk,judi
387,banyak yg komen alexis17 itu apaan ?,judi
388,Ngelag? Enggak! WD? JALAN TERUS! alexis17 emang top.,judi
389,paling cuan emg di alexis17 modal 100k jd 4jt,judi
390,GW pernah sampe meledak nih alexis17 jd 45jt,judi
391,ini masa iya banyak bgt yg menang di alexis17,judi
392,Capek bgt nemuin alexis17 trs,judi
393,Tpi Jujur Gua pernah main di alexis17 sih emg gg lgsg wede,judi
394,serius nanya ini apaan deh alexis17 ?,judi
395,katanya sih ya alexis17 lagi bocor,judi
396,oalahhh gua prnah cog main di alexis17 bnran lgsg wd wkwk,judi
397,sipaling ADA Di mana2 cok alexis17 hduh,judi
398,makasih infonya kwnkwn alexis17 ane dh daftar jg ya semoga amanah,judi
399,g Habis Pikir Sama alexis17 kek gini nih,judi
400,"Rezeki hari ini bikin aku makin optimis, cuma di alexis17",judi
401,"Terbaik â¤ memang kak , salam alexis17",judi
402,"THR dari alexis17 udah di depan mata, tinggal gas!",judi
403,"alexis17 , gak pake lama langsung jalan!",judi
404,coba di alexis17 gak ribet ! salam petir x 500,judi
405,"Semangat Bosqu , Terbaik alexis17",judi
406,"terimakasih selalu upload bg, walaupun masih sibukğŸ‰alexis17",judi
407,"ke 3 bang ,salam jepe alexis17",judi
408,alexis17 tempat paling uhuy!,judi
409,"Keren sih alexis17 , main bentar auto jepe.",judi
410,"Berkah rezeki hari ini berkat alexis17,puji syukur!",judi
411,alexis17 bikin maxwin makin gampang,judi
412,Sehat selalu semuanya salam dari alexis17 gampang jepe,judi
413,"alexis17 saya maen santai aja, tetep bisa WEDEY jutaan",judi
414,Terus berkembang arhan semangattt!!!!! Salam alexis17! gampang Jepe,judi
415,Lancar lancar bang salam Jepe alexis17,judi
416,6:27  bang tadi jam segitu menang besar w di alexis17,judi
417,auto jepey! alexis17,judi
418,Gw paling demen gas di alexis17 wkwkwkww seru. Harus sering2 sih ini mah,judi
419,Yang di tunggu tunggu salam Jepe alexis17,judi
420,Sukaaa bangettt sama alexis17,judi
421,Jangan mikir lagi buruan disini aja bosku alexis17,judi
422,"Kalo gak coba, nggak bakal tahu! Rezaki bis datang kapan ja di alexis17",judi
423,Selamat ya kak trending 1 lohh akhirnyaağŸ¤ğŸ¤ alexis17,judi
424,"Akhirnya menang besar juga di alexis17 , jangan cuma dengar cerita orng lain!",judi
425,DisiniğŸ‘‰alexis17 membuat saya sanggat senang sekaliğŸ‰ğŸ‰,judi
426,Mumpung lagi gacornya gaskan aja bos  alexis17,judi
427,"Gak nyangka bisa menang sebanyak ini di alexis17, serasa mimpi siang bolong!",judi
428,A L E X I S 1 7 Tempatnya hoki terus. Rasain sendiri keseruannya!,judi
429,Fleeting anjg ğŸ˜‚ğŸ˜‚ğŸ˜‚,non-judi
430,Mantap! â¤A L E X I S 1 7â¤ emang paling top!,judi
431,"Akhirnya, idola gw kumpul lg..",non-judi
432,bang wan live dimana,non-judi
433,"Bersama ğŸ”¥ï¼¡ï¼¬ï¼¥ï¼¸ï¼©ï¼³ï¼‘ï¼—ğŸ”¥, udah kayak rumah sendiri. Rasain sendiri keseruannya!",judi
434,Keren banget! Bangga banget jadi bagian dari ğŸ”¥âš¡ALEXIS17âš¡?ğŸ”¥,judi
435,Rezeki dari alexis17-emang gak terduga! Terima kasih ya kwnkwn !,judi
436,"Berkah rezeki hari ini berkat â­alexis17 ,puji syukur!",judi
437,Streamer favorit â¤ dan selalu menunggu update terbarunya ğŸ˜ğŸ˜ semangat terus bang ğŸ’ªğŸ’ª salam Jepe alexis17,judi
438,"Salut bang keren kontennya , salam Jepe DI alexis17",judi
439,"Gak salah pilih â¤ğ—” ğ—Ÿ ğ—˜ ğ— ğˆ ğ’ 1 7â¤, selalu kasih vibe positif. Buktikan sendiri serunya!",judi
440,"Berkah rezeki hari ini berkat alexis17 ,puji syukur!",judi
441,"alexis17 tuh tempat yang katanya penuh kejutan, siapa yang udah coba?",judi
442,Bikin pengen main di alexis17 =âœ…,judi
443,"Alexis'17 aku cba bntr, jepe gede lgnsung",judi
444,alexis17 saya gk pernah kalah hki trus maen di sini,judi
445,"Alexis'17 aku cba, langsung bawa pulang cuan gede",judi
446,"Alexis'17 gua bru maen bentar, lngsg jepe",judi
447,"Rezeki melimpah datang dari Alexis'17, makasih banyak!",judi
448,"Alexis'17 aku cba, jepe gede lngsg",judi
449,"Alexis'17 gua coba bentar, saldo langsung naik 2x lipat",judi
450,"Alexis'17 aku WEDEY gede, cma maen bentar",judi
451,Alexis'17 sedang mendapatkan perhatian belakangan ini. Lihat apa yang ditawarkannya.,judi
452,Alexis'17 tiap maen pasti hoki,judi
453,"Alexis'17 aku gak boong, dsini hoki mulu",judi
454,"Alexis'17 aku cba maen, malah jekpot gede",judi
455,"Alexis'17 aku main dikit, saldo langsung byk",judi
456,"Alexis'17 gua maen bentar aja, lngsg WEDEY gede",judi
457,"Alexis'17 gampang banget buat dapet hasil gede, gk ribet",judi
458,"Alexis'17 gua suka banget main disini, mudah menangnya",judi
459,"Ternyata main di Alexis'17 bikin rezeki datang begitu saja, langsung gacir!",judi
460,"Saya kira saya mimpi,,, ternyata ada bos alexis17",judi
461,Wow! Gak nyangka bisa menang terus di ğŸ”¥âš¡ALEXIS17âš¡?ğŸ”¥,judi
462,bang oura knapa tambah kuruss sakit kah?,non-judi
463,"Cuma di sini, Langsung hoki sejak join ğŸ”¥âš¡ALEXIS17âš¡?ğŸ”¥",judi
464,Coba main meta m1 dulu ko. Kalau bisa main meta final kemenangan dulu d rank. ğŸ‰,non-judi
465,ğŸ”¥ï¼¡ï¼¬ï¼¥ï¼¸ï¼©ï¼³ï¼‘ï¼—ğŸ”¥ Bikin aku betah terus main. Gak bakal nyesel deh!,judi
466,Wow! âš¡ALEXIS17âš¡ emang beda kelas!,judi
467,Gokil! âš¡ALEXIS17âš¡ itu andalan gue sekarang!,judi
468,"welcome back wann si ""bapak tangker indonesia""",non-judi
469,ini dia team idol gua EVOS m1.,non-judi
470,"Bersama A L E X I S 1 7, tempatnya hoki terus. Buktikan sendiri serunya!",judi
471,ğŸ”¥ï¼¡ï¼¬ï¼¥ï¼¸ï¼©ï¼³ï¼‘ï¼—ğŸ”¥ Bikin aku betah terus main. Rasain sendiri keseruannya!,judi
472,dari awal daftar sampe sekarang alexis17 selalu kasih yang terbaik hehe love banget pokonya google bray alexis17,judi
473,di alexis17 bro Pagmatic nya lagi viral mekswin di grup sebelah bro situs alexis17,judi
474,"Baru WD bang main di situs terbaik dan tergac0r, nama situsnya alexis17, mantap punya ini mnya",judi
475,Rezeki gak ada putusnya makasi alexis17,judi
476,Terima kasih min alexis17  wede 8.000.000 masuk ğŸ’ªğŸ»ğŸ’ªğŸ»,judi
477,Keberuntungan besar bikin aku makin semangat main lagi di alexis17,judi
478,"alexis17 , kalau udah denger pasti bikin penasaran",judi
479,"Lagi kepo sama alexis17 , katanya banyak yang beruntung di sana!",judi
480,"jepey gmpng bgt, maen di alexis17",judi
481,"Buruan ke A L E X I S 1 7, bikin hariku makin berwarna. Gak bakal nyesel deh!",judi
482,Seru abis! âš¡ALEXIS17âš¡ emang beda kelas!,judi
483,Gokil! Langsung hoki sejak join ğŸ”¥âš¡ALEXIS17âš¡?ğŸ”¥,judi
484,Keren banget! Cuma di âš¡ALEXIS17âš¡ bisa dapet vibe kayak gini!,judi
485,Gokil! Setia banget sama âš¡ALEXIS17âš¡ sejak awal!,judi
486,Seru abis! âš¡ALEXIS17âš¡ bikin hariku lebih berwarna!,judi
487,ğŸ”¥ï¼¡ï¼¬ï¼¥ï¼¸ï¼©ï¼³ï¼‘ï¼—ğŸ”¥ Bikin semangat terus setiap hari. Yuk gabung sekarang juga!,judi
488,Seru abis! Rasanya gak lengkap sehari tanpa ğŸ”¥âš¡ALEXIS17âš¡?ğŸ”¥,judi
489,"Gila sih, Langsung hoki sejak join ğŸ”¥âš¡ALEXIS17âš¡?ğŸ”¥",judi
490,dulu jungler mreka siapa yah lupa gua,non-judi
491,Aku bang,non-judi
492,Seru abis! âš¡ALEXIS17âš¡ selalu kasih kejutan seru!,judi
493,Kata nya udh pensi wann. Gmna si,non-judi
494,"Cuma di sini, âš¡ALEXIS17âš¡ emang beda kelas!",judi
495,coba REKT main claude make skin golden bullet pasti dejavu banget ama 100jtğŸ˜‚,non-judi
496,"Cuma di sini, âš¡âš¡ALEXIS17âš¡âš¡ selalu kasih kejutan seru!",judi
497,"Gak salah pilih ğŸ”¥ï¼¡ï¼¬ï¼¥ï¼¸ï¼©ï¼³ï¼‘ï¼—ğŸ”¥, tempat healing paling ampuh. Langsung daftar sekarang!",judi
498,Mantap! Tempat paling aman dan asik? ğŸ”¥âš¡ALEXIS17âš¡?ğŸ”¥,judi
499,Wow! âš¡ALEXIS17âš¡ itu andalan gue sekarang!,judi
500,"Beneran deh, Langsung hoki sejak join ğŸ”¥âš¡ALEXIS17âš¡?ğŸ”¥",judi
501,Keren banget! Rasanya gak lengkap sehari tanpa ğŸ”¥âš¡ALEXIS17âš¡?ğŸ”¥,judi
502,"Cuma di sini, Bangga banget jadi bagian dari ğŸ”¥âš¡ALEXIS17âš¡?ğŸ”¥",judi
503,"Gila sih, Rasanya gak lengkap sehari tanpa ğŸ”¥âš¡ALEXIS17âš¡?ğŸ”¥",judi
504,"Gila sih, â¤A L E X I S 1 7â¤ emang paling top!",judi
505,"Cari yang seru? Ya A L E X I S 1 7, bikin auto happy!. Beneran asik banget!",judi
506,"Gila sih, Setia banget sama âš¡ALEXIS17âš¡ sejak awal!",judi
507,semangat M1,non-judi
508,Ktanya si wan pensi ..,non-judi
509,Bukan bang Wann akun ml ny di jual iy,non-judi
510,â¤ğ—” ğ—Ÿ ğ—˜ ğ— ğˆ ğ’ 1 7â¤ Sumber kebahagiaan harian. Yuk gabung sekarang juga!,judi
511,Mantap! âš¡ALEXIS17âš¡ emang beda kelas!,judi
512,Jessnolimit nggk ada,non-judi
513,Keren banget! Cuma di âš¡ALEXIS17âš¡ bisa dapet vibe kayak gini!,judi
514,Keren banget! Cuma di âš¡ALEXIS17âš¡ bisa dapet vibe kayak gini!,judi
515,"Gila sih, Gak nyangka bisa menang terus di ğŸ”¥âš¡ALEXIS17âš¡?ğŸ”¥",judi
516,"Gak salah pilih A L E X I S 1 7, tempatnya hoki terus. Langsung daftar sekarang!",judi
517,Lah wan pake akun siapa,non-judi
518,Keren banget! âš¡ALEXIS17âš¡ selalu kasih kejutan seru!,judi
519,"Selalu setia dengan ğŸ”¥ï¼¡ï¼¬ï¼¥ï¼¸ï¼©ï¼³ï¼‘ï¼—ğŸ”¥, tempatnya hoki terus. Buktikan sendiri serunya!",judi
520,Gokil! Setia banget sama âš¡ALEXIS17âš¡ sejak awal!,judi
521,"Gila sih, Dijamin puas main di ğŸ”¥âš¡ALEXIS17âš¡?ğŸ”¥",judi
522,"Cuma di sini, Main âš¡ALEXIS17âš¡ bikin nagih banget!",judi
523,"Cuma di sini, â¤A L E X I S 1 7â¤ emang paling top!",judi
524,Gokil! Gak bisa move on dari serunya ğŸ”¥âš¡ALEXIS17âš¡?ğŸ”¥,judi
525,Mantap! Main bareng âš¡ALEXIS17âš¡ selalu seru!,judi
526,"Gak salah pilih â¤ğ—” ğ—Ÿ ğ—˜ ğ— ğˆ ğ’ 1 7â¤, selalu kasih vibe positif. Buktikan sendiri serunya!",judi
527,Wow! Rasanya gak lengkap sehari tanpa ğŸ”¥âš¡ALEXIS17âš¡?ğŸ”¥,judi
528,ğŸ”¥ï¼¡ï¼¬ï¼¥ï¼¸ï¼©ï¼³ï¼‘ï¼—ğŸ”¥ Tempatnya hoki terus. Gak bakal nyesel deh!,judi
529,"Pilihan utama: A L E X I S 1 7, bikin aku betah terus main. Gak bakal nyesel deh!",judi
530,ğŸ”¥ï¼¡ï¼¬ï¼¥ï¼¸ï¼©ï¼³ï¼‘ï¼—ğŸ”¥ Selalu kasih vibe positif. Beneran asik banget!,judi
531,Mantap! âš¡ALEXIS17âš¡ emang gak pernah ngecewain!,judi
532,Mantap! âš¡ALEXIS17âš¡ itu andalan gue sekarang!,judi
533,â¤ğ—” ğ—Ÿ ğ—˜ ğ— ğˆ ğ’ 1 7â¤ Jadi tempat pelarian paling asik. Jangan sampai ketinggalan!,judi
534,Kalo main bareng partyan bawaannya enjoy bat bro ğŸ˜‚ dari pada sama random publish,non-judi
535,Seru abis! âš¡ALEXIS17âš¡ bikin hariku lebih berwarna!,judi
536,Seru abis! â¤A L E X I S 1 7â¤ emang paling top!,judi
537,Keren banget! Bangga banget jadi bagian dari ğŸ”¥âš¡ALEXIS17âš¡?ğŸ”¥,judi
538,âœ…,non-judi
539,"Wow! Gabung sekarang juga di âš¡ALEXIS17âš¡, buruan!",judi
540,"Beneran deh, Udah coba âš¡ALEXIS17âš¡? Rugi banget kalo belum!",judi
541,â¤ğ—” ğ—Ÿ ğ—˜ ğ— ğˆ ğ’ 1 7â¤ Selalu kasih vibe positif. Kapan lagi coba?,judi
542,Coba pakai hero yang di pakek di M1,non-judi
543,"Coba deh â¤ğ—” ğ—Ÿ ğ—˜ ğ— ğˆ ğ’ 1 7â¤, tempatnya hoki terus. Beneran asik banget!",judi
544,â¤ğ—” ğ—Ÿ ğ—˜ ğ— ğˆ ğ’ 1 7â¤ Bikin aku betah terus main. Gak bakal nyesel deh!,judi
545,Keren banget! Rasanya gak lengkap sehari tanpa ğŸ”¥âš¡ALEXIS17âš¡?ğŸ”¥,judi
546,â¤ğ—” ğ—Ÿ ğ—˜ ğ— ğˆ ğ’ 1 7â¤ Selalu kasih vibe positif. Gak bakal nyesel deh!,judi
547,â¤ğ—” ğ—Ÿ ğ—˜ ğ— ğˆ ğ’ 1 7â¤ Bikin hariku makin berwarna. Jangan sampai ketinggalan!,judi
548,â¤ğ—” ğ—Ÿ ğ—˜ ğ— ğˆ ğ’ 1 7â¤ Bikin aku betah terus main. Langsung daftar sekarang!,non-judi
549,Koh bassklemens gak ikut bang,judi
550,Wow! Bangga banget jadi bagian dari ğŸ”¥âš¡ALEXIS17âš¡?ğŸ”¥,judi
551,Seru abis! âš¡ALEXIS17âš¡ selalu kasih kejutan seru!,judi
552,"Cuma di sini, Dijamin puas main di ğŸ”¥âš¡ALEXIS17âš¡?ğŸ”¥",judi
553,Eh si wan pake akun siapa leku?,non-judi
554,"Yaelah yur yur... kau bilang chou sekarang harus beli antiquiras dulu drpd domi...nanti remuk, lah napa omongan kau gak kau pakai...ya hancur coklat jd nya kan...",non-judi
555,Apakah wann udah kehabisan uang dan balik live lagi padahal baru 2 bulan?,non-judi
556,tanya langsung keorang nya...kali aja mau biayain idup lu...,non-judi
557,Seru abis! Rasanya gak lengkap sehari tanpa ğŸ”¥âš¡ALEXIS17âš¡?ğŸ”¥,judi
558,"Gak salah pilih A L E X I S 1 7, udah kayak rumah sendiri. Gak bakal nyesel deh!",judi
559,Mantap! Rasanya gak lengkap sehari tanpa ğŸ”¥âš¡ALEXIS17âš¡?ğŸ”¥,judi
560,Mantap! âš¡ALEXIS17âš¡ emang gak pernah ngecewain!,judi
561,Mantap! Main âš¡ALEXIS17âš¡ bikin nagih banget!,judi
562,"Bang, evos sekali2 sparing sama RRQ 0Â² mengenang masa2 kejayaan kalian lagi waktu lampau",non-judi
563,"Beneran deh, Gabung sekarang juga di âš¡ALEXIS17âš¡, buruan!",judi
564,mantap party pengharum nama bangsa zaman batuğŸ˜‚,non-judi
565,Gajadi pensi dari entertain ya si trader itu,non-judi
566,"Gila sih, Tempat paling aman dan asik? ğŸ”¥âš¡ALEXIS17âš¡?ğŸ”¥",judi
567,INI YG AKU RINDUKANğŸ”¥â¤ï¸,non-judi
568,â¤ğ—” ğ—Ÿ ğ—˜ ğ— ğˆ ğ’ 1 7â¤ Bikin aku betah terus main. Kapan lagi coba?,judi
569,Gokil! Udah coba ğŸ”¥âš¡ALEXIS17âš¡?ğŸ”¥ Rugi banget kalo belum!,judi
570,"Pilihan utama: ğŸ”¥ï¼¡ï¼¬ï¼¥ï¼¸ï¼©ï¼³ï¼‘ï¼—ğŸ”¥, selalu kasih vibe positif. Kapan lagi coba?",judi
571,Wow! Udah coba âš¡ALEXIS17âš¡? Rugi banget kalo belum!,judi
572,Seru abis! âš¡ALEXIS17âš¡ selalu kasih kejutan seru!,judi
573,Gak nyangka bakal nemu tempat segokil ğ“Ÿğ“¤ğ“›ğ“ğ“¤ğ“¦ğ“˜ğ“.,judi
574,Sekarang pro palyer lari ke trading,non-judi
575,Seru abis! âš¡ALEXIS17âš¡ bikin hariku lebih berwarna!,judi
576,Seru abis! Cuma di âš¡ALEXIS17âš¡ bisa dapet vibe kayak gini!,judi
577,"Gak pernah ngebosenin sih, makanya gue tetep stay di ğ“Ÿğ“¤ğ“›ğ“ğ“¤ğ“¦ğ“˜ğ“.",judi
578,Main bareng temen di PÌ½Í“UÌ½Í“LÌ½Í“AÌ½Í“UÌ½Í“WÌ½Í“IÌ½Í“NÌ½Í“ emang paling seru.,judi
579,Malam jadi lebih hidup gara-gara nemu ğ™‹ğ™ğ™‡ğ˜¼ğ™ğ™’ğ™„ğ™‰.,judi
580,"Langsung ke ğŸ”¥ï¼¡ï¼¬ï¼¥ï¼¸ï¼©ï¼³ï¼‘ï¼—ğŸ”¥, selalu kasih vibe positif. Beneran asik banget!",judi
581,Refresh otak tiap malem bareng ğ™‹ğ™ğ™‡ğ˜¼ğ™ğ™’ğ™„ğ™‰.,judi
582,Lagi suntuk kerjaan? Refresh dulu di PÍUÍLÍAÍUÍWÍIÍNÍ.,judi
583,Gue udah jatuh cinta sama vibe-nya ğ™‹ğ™ğ™‡ğ˜¼ğ™ğ™’ğ™„ğ™‰ dari pertama buka.,judi
584,"Gak ngerti lagi, main di ğ“Ÿğ“¤ğ“›ğ“ğ“¤ğ“¦ğ“˜ğ“ tuh bikin hari gue makin seru!",judi
585,Gabut sore langsung ilang gara-gara buka PÌ¶UÌ¶LÌ¶AÌ¶UÌ¶WÌ¶IÌ¶NÌ¶.,judi
586,"Gue kira semua sama aja, ternyata beda banget pas cobain ğ“Ÿğ“¤ğ“›ğ“ğ“¤ğ“¦ğ“˜ğ“.",judi
587,Gokil! Tempat paling aman dan asik? ğŸ”¥âš¡ALEXIS17âš¡?ğŸ”¥,judi
588,Wow! âš¡ALEXIS17âš¡ itu andalan gue sekarang!,judi
589,A L E X I S 1 7 Tempatnya hoki terus. Buktikan sendiri serunya!,judi
590,"Kalo reuni, ngikut role masing2 la bg",non-judi
591,Itu wan balik lagi akunnya ?,non-judi
592,Wow! Bangga banget jadi bagian dari ğŸ”¥âš¡ALEXIS17âš¡?ğŸ”¥,judi
593,kalo bukan PULAUWIN yg kasih duit siapa lagi,judi
594,search aja di google âš¡ï¸ï¼° ï¼µï¼¬ 4 ï¼µ ï¼· 1 ï¼® âš¡ï¸ nanti juga nongol.,judi
595,â¤ğ—” ğ—Ÿ ğ—˜ ğ— ğˆ ğ’ 1 7â¤ Tempat healing paling ampuh. Jangan sampai ketinggalan!,judi
596,kayaknya ini yutuber di sponsorin â„™/ğ•Œ/ğ•ƒ/ğ”¸/ğ•Œ/ğ•/ğ•€/â„• deh,judi
597,apalagi ini 07:01 P U L A U W I N,judi
598,untung aja dikasih menang sama âš¡ï¸ï¼° ï¼µï¼¬ 4 ï¼µ ï¼· 1 ï¼® âš¡ï¸ jadi bisa bayar kontrakan,judi
599,member setia ğ/ğ”/ğ‹/ğ€/ğ”/ğ–/ğˆ/ğ absen,judi
600,âš¡ï¸ï¼° ï¼µï¼¬ 4 ï¼µ ï¼· 1 ï¼® âš¡ï¸ = MENANG,judi
601,kalo bukan PULAUWIN yg kasih duit siapa lagi,judi
602,"Di antara banyak pilihan, hati gue selalu ke ğ“Ÿğ“¤ğ“›ğ“ğ“¤ğ“¦ğ“˜ğ“.",judi
603,kecil di gedein udah gede main di âš¡ï¸ï¼° ï¼µï¼¬ 4 ï¼µ ï¼· 1 ï¼® âš¡ï¸,judi
604,Pagi-pagi udah senyum-senyum sendiri gara-gara semalem main di ğ™‹ğ™ğ™‡ğ˜¼ğ™ğ™’ğ™„ğ™‰.,judi
605,Gokil! âš¡ALEXIS17âš¡ emang beda kelas!,judi
606,"Gak salah pilih â¤ğ—” ğ—Ÿ ğ—˜ ğ— ğˆ ğ’ 1 7â¤, sumber kebahagiaan harian. Kapan lagi coba?",judi
607,"Kalo udah ngerasain sendiri, baru paham kenapa orang-orang betah di ğ“Ÿğ“¤ğ“›ğ“ğ“¤ğ“¦ğ“˜ğ“.",judi
608,â¤ğ—” ğ—Ÿ ğ—˜ ğ— ğˆ ğ’ 1 7â¤ Tempatnya hoki terus. Rasain sendiri keseruannya!,judi
609,"Enak banget suasananya, betah main lama-lama di PÌ¶UÌ¶LÌ¶AÌ¶UÌ¶WÌ¶IÌ¶NÌ¶.",judi
610,"Niatnya cuma coba, sekarang malah rutin buka PÍUÍLÍAÍUÍWÍIÍNÍ.",judi
611,Gak kerasa waktu cepet banget lewat kalau udah main di ğ“Ÿğ“¤ğ“›ğ“ğ“¤ğ“¦ğ“˜ğ“.,judi
612,jes mana???,non-judi
613,"Beneran deh, âš¡ALEXIS17âš¡ emang gak pernah ngecewain!",judi
614,Mantap! Setia banget sama âš¡ALEXIS17âš¡ sejak awal!,judi
615,"Gak perlu mikir lama, langsung aja ke ï¼°ï¼µï¼¬ï¼¡ï¼µï¼·ï¼©ï¼®.",judi
616,"Gak tau kenapa, tapi tiap buka ï¼°â“¤ï¼¬ï¼¡ï¼µï¼·ï¼©ï¼®, mood langsung naik.",judi
617,"Gak pernah nyesel dikenalin sama ï¼°â“¤ï¼¬ï¼¡ï¼µï¼µï¼©ï¼®, malah makasih banget.",judi
618,Wajib coba! âš¡ALEXIS17âš¡ emang beda kelas!,judi
619,"Makin lama di ï¼°ï¼µï¼¬ï¼¡ï¼µï¼·ï¼©ï¼®, makin susah pindah ke yang lain.",judi
620,"Temen-temen gue pada pindah ke ğ™‹ğ™ğ™‡ğ˜¼ğ™ğ™’ğ™„ğ™‰, dan gue ngerti kenapanya.",judi
621,"Nggak pernah semudah ini buat cari hiburan, apalagi ada PÌ½Í“UÌ½Í“LÌ½Í“AÌ½Í“UÌ½Í“WÌ½Í“IÌ½Í“NÌ½Í“.",judi
622,"Awalnya diajak temen, sekarang malah gue yang ngajakin orang ke PÌ½Í“UÌ½Í“LÌ½Í“AÌ½Í“UÌ½Í“WÌ½Í“IÌ½Í“NÌ½Í“.",judi
623,"Gak nyangka iseng doang, eh malah ketagihan sama ï¼°ï¼µï¼¬ï¼¡ï¼µï¼·ï¼©ï¼®.",judi
624,"Kalo butuh hiburan malem-malem, gue langsung buka ï¼°ï¼µï¼¬ï¼¡ï¼µï¼·ï¼©ï¼®.",judi
625,search aja di google âš¡ï¸ï¼° ï¼µï¼¬ 4 ï¼µ ï¼· 1 ï¼® âš¡ï¸ nanti juga nongol.,judi
626,"Cuma mau bilang, lo harus cobain ğ“Ÿğ“¤ğ“›ğ“ğ“¤ğ“¦ğ“˜ğ“ sekarang juga.",judi
627,"Mainnya santai tapi bikin nagih, itulah PÌ½Í“UÌ½Í“LÌ½Í“AÌ½Í“UÌ½Í“WÌ½Í“IÌ½Í“NÌ½Í“.",judi
628,"Dari awal cobain sampe sekarang, gak pernah nyesel kenal PÌ½Í“UÌ½Í“LÌ½Í“AÌ½Í“UÌ½Í“WÌ½Í“IÌ½Í“NÌ½Í“.",judi
629,"Di sela aktivitas, ï¼°ï¼µï¼¬ï¼¡ï¼µï¼·ï¼©ï¼® jadi pelarian paling asik.",judi
630,ğŸ”¥ï¼¡ï¼¬ï¼¥ï¼¸ï¼©ï¼³ï¼‘ï¼—ğŸ”¥ Sumber kebahagiaan harian. Gak bakal nyesel deh!,judi
631,"Gila sih, âš¡ALEXIS17âš¡ emang beda kelas!",judi
632,"Gila sih, Gak nyangka bisa menang terus di ğŸ”¥âš¡ALEXIS17âš¡?ğŸ”¥",judi
633,Nda enak liat. Hampir setiap perang tida ada eko. Cm sibuk farming.. Seru nonton.. ğŸ˜”ğŸ˜”ğŸ˜”ğŸ˜”,non-judi
634,Si wan katanya udh gamau main ml sama live lagi?!!,non-judi
635,Kembalikan intro ujan api yang dulu,non-judi
636,"Gak salah pilih â¤ğ—” ğ—Ÿ ğ—˜ ğ— ğˆ ğ’ 1 7â¤, selalu kasih vibe positif. Buktikan sendiri serunya!",judi
637,Keren banget! Setia banget sama âš¡ALEXIS17âš¡ sejak awal!,judi
638,Kalo bisa rutin minimal 1bulan upload full roster evos pasti rame bang,non-judi
639,"Beneran deh, Udah coba âš¡ALEXIS17âš¡? Rugi banget kalo belum!",judi
640,"Langsung ke A L E X I S 1 7, bikin semangat terus setiap hari. Langsung daftar sekarang!",judi
641,wan pake akun siapa? ktnya dijual,non-judi
642,"Ngumpul roster doangg, coba pickup nya sesuai M1 lagi dong biar bisa flashback",non-judi
643,ğŸ”¥ï¼¡ï¼¬ï¼¥ï¼¸ï¼©ï¼³ï¼‘ï¼—ğŸ”¥ Tempatnya hoki terus. Jangan sampai ketinggalan!,judi
644,"Gak ribet, tinggal login dan langsung bisa nikmatin serunya PÍŸÍŸUÍŸÍŸLÍŸÍŸAÍŸÍŸUÍŸÍŸWÍŸÍŸIÍŸÍŸNÍŸÍŸ.",judi
645,Kadang gak sadar udah sejam lebih di PÍŸÍŸUÍŸÍŸLÍŸÍŸAÍŸÍŸUÍŸÍŸWÍŸÍŸIÍŸÍŸNÍŸÍŸ.,judi
646,"Andalan gue cuma â¤ğ—” ğ—Ÿ ğ—˜ ğ— ğˆ ğ’ 1 7â¤, bikin semangat terus setiap hari. Buktikan sendiri serunya!",judi
647,"Chou donkey wan change claude Rekt Marsha dan oura selena dengan luminaire nya , itu dia ğŸ‘†",non-judi
648,Katanya iwan gk live strem lagi,non-judi
649,Gokil! Bangga banget jadi bagian dari ğŸ”¥âš¡ALEXIS17âš¡?ğŸ”¥,judi
650,Wajib coba! âš¡ALEXIS17âš¡ emang gak pernah ngecewain!,judi
651,Gokil! â¤A L E X I S 1 7â¤ emang paling top!,judi
652,"Bersama A L E X I S 1 7, udah kayak rumah sendiri. Yuk gabung sekarang juga!",judi
653,â¤ğ—” ğ—Ÿ ğ—˜ ğ— ğˆ ğ’ 1 7â¤ Tempatnya hoki terus. Rasain sendiri keseruannya!,judi
654,â¤ğ—” ğ—Ÿ ğ—˜ ğ— ğˆ ğ’ 1 7â¤ Bikin auto happy!. Rasain sendiri keseruannya!,judi
655,"Beneran deh, Udah coba âš¡ALEXIS17âš¡? Rugi banget kalo belum!",judi
656,Seru abis! Gak bisa move on dari serunya ğŸ”¥âš¡ALEXIS17âš¡?ğŸ”¥,judi
657,Wan jual akun niat mau pensi? Liat aja ntar juga live streaming mobile legend lagi,non-judi
658,Katanya iwan mau vacum?,non-judi
659,"situs yang lagi booming ni buat sekarang namanya ğ‡ğğŠğˆğğğ’ğŸ–ğŸ—ğŸ–,, dicoba selagi masih booming karna member baru wajib di kasih wede.. settingannya mantap bukan kaleng kaleng",judi
660,â¤ğ—” ğ—Ÿ ğ—˜ ğ— ğˆ ğ’ 1 7â¤ Jadi tempat pelarian paling asik. Jangan sampai ketinggalan!,judi
661,Wajib coba! Gak bisa move on dari serunya ğŸ”¥âš¡ALEXIS17âš¡?ğŸ”¥,judi
662,gw yg pake cecil,non-judi
663,Wow! Dijamin puas main di ğŸ”¥âš¡ALEXIS17âš¡?ğŸ”¥,judi
664,â¤ğ—” ğ—Ÿ ğ—˜ ğ— ğˆ ğ’ 1 7â¤ Tempat healing paling ampuh. Jangan sampai ketinggalan!,judi
665,ğŸ”¥ï¼¡ï¼¬ï¼¥ï¼¸ï¼©ï¼³ï¼‘ï¼—ğŸ”¥ Bikin aku betah terus main. Rasain sendiri keseruannya!,judi
666,Wow! â¤A L E X I S 1 7â¤ emang paling top!,judi
667,"Cari yang seru? Ya A L E X I S 1 7, tempatnya hoki terus. Beneran asik banget!",judi
668,"Gila sih, Dijamin puas main di ğŸ”¥âš¡ALEXIS17âš¡?ğŸ”¥",judi
669,â¤ğ—” ğ—Ÿ ğ—˜ ğ— ğˆ ğ’ 1 7â¤ Sumber kebahagiaan harian. Buktikan sendiri serunya!,judi
670,M1 M1 dan M1 Bosen gua dengernha,non-judi
671,Bang Jes no limit ko ga ada,non-judi
672,"temen ku  modal 50ribu bisa jadi 3.5juta di ğ—§ğ—¢ğ—£ğ—¦ğ—Ÿğ—¢ğ—§ğŸ­ğŸ­ğŸ´ , emg ngasih terus itu web ğ—§ğ—¢ğ—£ğ—¦ğ—Ÿğ—¢ğ—§ğŸ­ğŸ­ğŸ´ ...awalnya guee jugak gag percayaa akhirnya iseng ku buktikan pecahannya beneran bagus cuyy .",judi
673,Wow! âš¡ALEXIS17âš¡ selalu kasih kejutan seru!,judi
674,â¤ğ—” ğ—Ÿ ğ—˜ ğ— ğˆ ğ’ 1 7â¤ Bikin aku betah terus main. Kapan lagi coba?,judi
675,â¤ğ—” ğ—Ÿ ğ—˜ ğ— ğˆ ğ’ 1 7â¤ Jadi tempat pelarian paling asik. Langsung daftar sekarang!,judi
676,"Selalu setia dengan A L E X I S 1 7, bikin aku betah terus main. Gak bakal nyesel deh!",judi
677,Wajib coba! Bangga banget jadi bagian dari ğŸ”¥âš¡ALEXIS17âš¡?ğŸ”¥,judi
678,Wow! Bangga banget jadi bagian dari ğŸ”¥âš¡ALEXIS17âš¡?ğŸ”¥,judi
679,"Beneran deh, Main bareng âš¡ALEXIS17âš¡ selalu seru!",judi
680,Gokil! Udah coba ğŸ”¥âš¡ALEXIS17âš¡?ğŸ”¥ Rugi banget kalo belum!,judi
681,"Cuma di sini, Main bareng âš¡ALEXIS17âš¡ selalu seru!",judi
682,"Wih, trending terus nih â­ A L E X I S 1 7 â­, bikin penasaran aja.",judi
683,Pokoknya ïš©í˜¼í™‡í™€í™“í™„í™17ïš© adalah jawaban buat segala keribetan.,judi
684,"Kolom komentar penuh dukungan, berarti í‘¨í‘³í‘¬í‘¿í‘°í‘º17 emang trusted.",judi
685,Ko bisa akun ny wan bknya  udah jg jual. Membagongkan,non-judi
686,Seru abis! âš¡ALEXIS17âš¡ emang beda kelas!,judi
687,Keren banget! Gak bisa move on dari serunya ğŸ”¥âš¡ALEXIS17âš¡?ğŸ”¥,judi
688,Wan gk jadi pensiun.??,non-judi
689,Seru abis! Tempat paling aman dan asik? ğŸ”¥âš¡ALEXIS17âš¡?ğŸ”¥,judi
690,"Gak salah pilih â¤ğ—” ğ—Ÿ ğ—˜ ğ— ğˆ ğ’ 1 7â¤, sumber kebahagiaan harian. Kapan lagi coba?",judi
691,â¤ğ—” ğ—Ÿ ğ—˜ ğ— ğˆ ğ’ 1 7â¤ Selalu kasih vibe positif. Buktikan sendiri serunya!,judi
692,â¤ğ—” ğ—Ÿ ğ—˜ ğ— ğˆ ğ’ 1 7â¤ Udah kayak rumah sendiri. Yuk gabung sekarang juga!,judi
693,Wow! Bangga banget jadi bagian dari ğŸ”¥âš¡ALEXIS17âš¡?ğŸ”¥,judi
694,Keren banget! Dijamin puas main di ğŸ”¥âš¡ALEXIS17âš¡?ğŸ”¥,judi
695,"Beneran deh, Cuma di âš¡ALEXIS17âš¡ bisa dapet vibe kayak gini!",judi
696,Mantap! âš¡ALEXIS17âš¡ bikin hariku lebih berwarna!,judi
697,"Beneran deh, Cuma di âš¡ALEXIS17âš¡ bisa dapet vibe kayak gini!",judi
698,"Cuma di sini, Main bareng âš¡ALEXIS17âš¡ selalu seru!",judi
699,Konten yang luar biasa! Keren banget cara kamu menjelaskannya! Main yang bagus di sini bang â­ğ’ğ†ğˆğŸ–ğŸ–,judi
700,"coba di ğŸš©ğ’ğ†ğˆğŸ–ğŸ–ğŸš©, gak ribet ! salam petir x 500",judi
701,epic moment ğŸ‰ ğ’ğ†ğˆğŸ–ğŸ–,judi
702,Sehat selalu dan banyak rezeki ğ’ğ†ğˆğŸ–ğŸ–,judi
703,"Suka banget bang sama konten abang , jangan lupa ences di ğ’ğ†ğˆğŸ–ğŸ– gampang pecah",judi
704,"gacir banget, main di ğ’ğ†ğˆğŸ–ğŸ–",judi
705,Sehat selalu dan banyak rezeki ğ’ğ†ğˆğŸ–ğŸ–,judi
706,05:35 âš¡ï¸ğ’ğ†ğˆğŸ–ğŸ–âš¡ï¸ tempat ngadu nasib wkwkw,judi
707,05:35 âš¡ï¸ğ’ğ†ğˆğŸ–ğŸ–âš¡ï¸ tempat ngadu nasib wkwkw,judi
708,yang pro aja bang di ğ’ğ†ğˆğŸ–ğŸ– ğŸ‘,judi
709,Memang web terbaik se asia gak salah pilih cuma ğŸš©ğ’ğ†ğˆğŸ–ğŸ–ğŸš© yang bisa gni !,judi
710,gatot barusan coba langsung jatuh perkalian 1000 langsung aja cari situsnya ğŸš©ğ’ğ†ğˆğŸ–ğŸ–ğŸš©,judi
711,Seperti biasa sehat selalu kang semngat ngonten dan dilancarkan segala urusannya Salam dari ğŸš©ğ’ğ†ğˆğŸ–ğŸ– â¤,judi
712,"Idenya jenius, â­ A L E X I S 1 7 â­! memang beda dari yang lain.",judi
713,Pokoknya ïš©í˜¼í™‡í™€í™“í™„í™17ïš© adalah jawaban buat segala keribetan.,judi
714,Bukanya akun WAN di juall,non-judi
715,"Beneran nyesel baru tauâœŒ  í˜¼í™‡í™€í™“í™„í™17  âœŒ sekarang, harusnya dari dulu.",judi
716,Satu-satunya yang bikin proses lebih ringkas yaâœŒ  í˜¼í™‡í™€í™“í™„í™17  âœŒ!.,judi
717,"Hampir semua video yang gue tonton, ada aja yang sebutâœŒ  í˜¼í™‡í™€í™“í™„í™17  âœŒ!.",judi
718,Luar biasa! bang video kamu !! â­ğ’ğ†ğˆğŸ–ğŸ– terpercaya 5k jadi 1jt,judi
719,Sehat selalu dan banyak rezeki ğ’ğ†ğˆğŸ–ğŸ–,judi
720,ğ’ğ†ğˆğŸ–ğŸ– keren banget ğŸ˜Š,judi
721,Konten yang luar biasa! Keren banget cara kamu menjelaskannya! Main yang bagus di sini bang â­ğ’ğ†ğˆğŸ–ğŸ–,judi
722,"Sempet coba yang lain tapi gak semanis di ğŸš©ğ’ğ†ğˆğŸ–ğŸ–ğŸš© ,sering ngasih wede bang coba deh cari aja di google",judi
723,terima kasi rezekinya  â­ğ’ğ†ğˆğŸ–ğŸ–,judi
724,Asli beneran gampang sc*tter di ğŸš©ğ’ğ†ğˆğŸ–ğŸ–ğŸš© cari aja di google,judi
725,"di ajakin abang w main di weton benaran g*cor parah ,langanan 3 hari sekali dapat terus uang jajan cek google ğŸš©ğ’ğ†ğˆğŸ–ğŸ– ğŸš©",judi
726,epic moment ğŸ‰ ğ’ğ†ğˆğŸ–ğŸ–,judi
727,"Keren banget bang ğŸ˜‚ , Salam JePE â­ğ’ğ†ğˆğŸ–ğŸ–",judi
728,"Gak pernah gagal,ğ’ğ†ğˆğŸ–ğŸ–ğŸ”¥",judi
729,yang pro aja bang di ğ’ğ†ğˆğŸ–ğŸ– ğŸ‘,judi
730,ğŸ‘ ğ’ğ†ğˆğŸ–ğŸ– ğŸ‘Œ,judi
731,Lancar lancar bang salam Jepe â­ğ’ğ†ğˆğŸ–ğŸ–,judi
732,"Barusan coba emng iyah sih dapat wd 200 aku bang , makasih yah rekomendasi ğŸš©ğ’ğ†ğˆğŸ–ğŸ– ğŸš©",judi
733,"ke 3 bang ,salam jepe ğ’ğ†ğˆğŸ–ğŸ–",judi
734,"coba di ğŸš©ğ’ğ†ğˆğŸ–ğŸ–ğŸš©, gak ribet ! salam petir x 500",judi
735,Semangat bang buat konten nya ğŸ˜ŠSalam ğ’ğ†ğˆğŸ–ğŸ–! gampang Jepe,judi
736,"Kapan lagi main di situs segacor ğ’ğ†ğˆğŸ–ğŸ–, asli nagih sih",judi
737,Seru nich  ğ’ğ†ğˆğŸ–ğŸ– cair terus ğŸ˜Š,judi
738,"Kalo belum cobaâœŒ  í˜¼í™‡í™€í™“í™„í™17  âœŒ, kamu ketinggalan zaman!",judi
739,"Cepat, tepat, andal, itu tiga kata buat í‘¨í‘³í‘¬í‘¿í‘°í‘º17.",judi
740,Wannnn kenapa GK pernah liveee . Di akunmu,non-judi
741,"Temen-temen gue juga rata-rata pake â­ A L E X I S 1 7 â­!, recommended sih.",judi
742,"Beneran nyesel baru tauâœŒ  í˜¼í™‡í™€í™“í™„í™17  âœŒ sekarang, harusnya dari dulu.",judi
743,Makin yakin abis baca review lain tentang í‘¨í‘³í‘¬í‘¿í‘°í‘º17.,judi
744,"Kalo belum cobaâœŒ  í˜¼í™‡í™€í™“í™„í™17  âœŒ, kamu ketinggalan zaman!",judi
745,"Kolom komentar ramai, jadi ikutan bahas í‘¨í‘³í‘¬í‘¿í‘°í‘º17!!",judi
746,"Bukan kaleng-kaleng,âœŒ  í˜¼í™‡í™€í™“í™„í™17  âœŒ benar-benar memuaskan.",judi
747,Makin yakin abis baca review lain tentang í‘¨í‘³í‘¬í‘¿í‘°í‘º17.,judi
748,"Bahas ïš©í˜¼í™‡í™€í™“í™„í™17ïš© ga ada habisnya, saking bagusnya!",judi
749,Cm REKT aj yg yg ruangan nya sederhana bgttt. Nice REKT jiwa sederhana mu patut di contoh.,non-judi
750,"Komunitas í‘¨í‘³í‘¬í‘¿í‘°í‘º17 ternyata solid banget, salut!",judi
751,"Kolom komentar penuh dukungan, berarti í‘¨í‘³í‘¬í‘¿í‘°í‘º17 emang trusted.",judi
752,"Pas pertama lihat namanya, langsung penasaran â­ A L E X I S 1 7 â­ apaan.",judi
753,coba buy spin 20k malah maxwin kwkwkkw makasih ğŸš©ğ’ğ†ğˆğŸ–ğŸ–ğŸš© nyata emng,judi
754,2:25  langsung di ğ’ğ†ğˆğŸ–ğŸ– bang ğŸ˜¹ğŸ˜¹,judi
755,"Terbaik â¤ memang kak , salam ğ’ğ†ğˆğŸ–ğŸ–",judi
756,"Rezeki dari ğ’ğ†ğˆğŸ–ğŸ–-bikin hariku lebih bermakna, terima kasih!",judi
757,Cair terus ini kakak mantap banget cuan di ğ’ğ†ğˆğŸ–ğŸ–,judi
758,ğŸ”¥ï¼¡ï¼¬ï¼¥ï¼¸ï¼©ï¼³ï¼‘ï¼—ğŸ”¥ Bikin auto happy!. Yuk gabung sekarang juga!,judi
759,Mantap! Rasanya gak lengkap sehari tanpa ğŸ”¥âš¡ALEXIS17âš¡?ğŸ”¥,judi
760,Keren banget! âš¡ALEXIS17âš¡ selalu kasih kejutan seru!,judi
761,Wajarlah ïš©í˜¼í™‡í™€í™“í™„í™17ïš©! dikagumi banyak orang.,judi
762,"Cepat, tepat, andal, itu tiga kata buat í‘¨í‘³í‘¬í‘¿í‘°í‘º17.",judi
763,"Happy banget main di ğ˜¿ ğ˜– ğ‘… A ğŸ½ ğŸ©,hasilnya selalu gacir! ğŸš²",judi
764,"Bermain di ğ˜¿ Ğ ğ˜™ ğ˜¼ ğŸ³ ğŸ© membuka jalan, dari tukang jahit ke pengusaha sukses. ğŸª",judi
765,Seru banget main di ğ· ğ™Š ğ‘… A ğŸ³ 7! Gak berasa waktu berlalu! â˜®,judi
766,Terima kasih ğƒ O Ğ¯ Ğ ğŸ½ ğŸ½! Hari ini menang besar dan bisa buat kebutuhan keluarga. ğŸ¦†,judi
767,"Luar biasa, cuma main bentar, langsung dapet jakpot di ğ˜¿ ğ™Š Ğ¯ ğ€ ğŸ½ 7! âš¾",judi
768,"Dengan ğ· ğ ğ‘ ğ€ 7 ğŸ© saya mengubah karier, dari pengantar surat ke manajer keuangan. ğŸ•",judi
769,"Bermain di D ğ™€ ğ– ğ€ ğ˜‹ O Ğ¯ ğ˜ˆ mengubah nasib saya, dari tukang bakso jadi bos restoran. ğŸ«˜",judi
770,"Baru coba main di ğ˜¿ ğ„ ğ˜ Ğ ğ˜¿ Ğ Ğ¯ Ğ, eh rezekinya langsung gacir. Mantap banget! ğŸ´",judi
771,"Rezeki dari D Ğ ğ™ Ğ ğŸ³ 7-emang gak ada duanya, terima kasih ya Allah atas limpahan rezeki-Mu! ğŸ¦",judi
772,"Modal kecil, untung besar, cuma di ğ˜‹ O ğ™ Ğ 7 ğŸ½.Mantap banget! ğŸ‡",judi
773,"Dengan ğ˜¿ ğ™Š ğ˜™ ğ˜ˆ ğŸ½ ğŸ© saya sukses, dari penjual kaki lima jadi pemilik restoran. ğŸ«",judi
774,"Keberuntungan besar bikin aku makin cinta sama ğ˜¿ ğ™€ ğ– ğ˜ˆ ğ˜¿ ğ˜– ğ™ ğ˜ˆ, thank you! ğŸˆ",judi
775,Aman? Sudah pasti. â­ A L E X I S 1 7 â­! memang terpercaya.,judi
776,"Cara kerjanya simpel, tapi hasilnya mantap, í‘¨í‘³í‘¬í‘¿í‘°í‘º17!",judi
777,"Pertama kali denger ïš©í˜¼í™‡í™€í™“í™„í™17ïš©, langsung tertarik.",judi
778,"Langsung ke ğŸ”¥ï¼¡ï¼¬ï¼¥ï¼¸ï¼©ï¼³ï¼‘ï¼—ğŸ”¥, selalu kasih vibe positif. Beneran asik banget!",judi
779,Mantap! Bangga banget jadi bagian dari ğŸ”¥âš¡ALEXIS17âš¡?ğŸ”¥,judi
780,"Gila sih, âš¡ALEXIS17âš¡ bikin hariku lebih berwarna!",judi
781,"Gila sih, âš¡ALEXIS17âš¡ bikin hariku lebih berwarna!",judi
782,"Cuma di sini, Gabung sekarang juga di âš¡ALEXIS17âš¡, buruan!",judi
783,A L E X I S 1 7 Tempat healing paling ampuh. Langsung daftar sekarang!,judi
784,A L E X I S 1 7 Bikin hariku makin berwarna. Kapan lagi coba?,judi
785,Seru abis! âš¡ALEXIS17âš¡ emang gak pernah ngecewain!,judi
786,"Cuma di sini, Main âš¡ALEXIS17âš¡ bikin nagih banget!",judi
787,Seru abis! Rasanya gak lengkap sehari tanpa ğŸ”¥âš¡ALEXIS17âš¡?ğŸ”¥,judi
788,Wow! Gak nyangka bisa menang terus di ğŸ”¥âš¡ALEXIS17âš¡?ğŸ”¥,judi
789,"Bisa hemat waktu dan tenaga, â­ A L E X I S 1 7 â­ solutif banget!",judi
790,"Beneran nyesel baru tauâœŒ  í˜¼í™‡í™€í™“í™„í™17  âœŒ sekarang, harusnya dari dulu.",judi
791,Keren banget! Gak bisa move on dari serunya ğŸ”¥âš¡ALEXIS17âš¡?ğŸ”¥,judi
792,"Cuma di sini, Gabung sekarang juga di âš¡ALEXIS17âš¡, buruan!",judi
793,"Beneran deh, Dijamin puas main di ğŸ”¥âš¡ALEXIS17âš¡?ğŸ”¥",judi
794,"Langsung ke A L E X I S 1 7, bikin semangat terus setiap hari. Langsung daftar sekarang!",judi
795,"Langsung ke ğŸ”¥ï¼¡ï¼¬ï¼¥ï¼¸ï¼©ï¼³ï¼‘ï¼—ğŸ”¥, bikin aku betah terus main. Buktikan sendiri serunya!",judi
796,Wajib coba! Gak nyangka bisa menang terus di ğŸ”¥âš¡ALEXIS17âš¡?ğŸ”¥,judi
797,"Wow! Gabung sekarang juga di âš¡ALEXIS17âš¡, buruan!",judi
798,"menang besar tiap kali main di Ğ ğ™“ ğ˜“ ğŸ³ ğŸ© ğŸ³,bikin makin semangat! ğŸ²",judi
799,menang besar bikin aku makin percaya sama keberuntungan di A ğ˜Œ ğ‘ ğ‘‚ ğŸ´ ğŸª! ğŸª—,judi
800,"Main di ğ˜ˆ E ğ˜™ ğ™Š ğŸ´ ğŸ´-auto good mood, rezeki emang gak kemana! ğŸ‘†",judi
801,ğ˜¼ ğ‘‹ ğ¿ ğŸ© 7 ğŸ©menawarkan berbagai fitur yang menarik bagi sebagian pemain. ğŸ‡,judi
802,A ğ¸ R Ğ 8 ğŸ´memberikan kesempatan untuk mencapai potensi penuh Anda. ğŸ¬,judi
803,Main sebentar langsung dapet menang gede. Rezeki ada di ğ´ ğ˜Œ Ğ¯ ğ ğŸ¾ ğŸ´! ğŸš¦,judi
804,"Gak ada obat main di Ğ ğ— ğ¿ ğŸ© ğŸ½ ğŸ©,cuan melimpah! ğŸ˜”",judi
805,"Nggak pernah kecewa sama hasil di A Ğ• ğ‘… ğ™Š ğŸ¾ 8,semuanya luar biasa! ğŸ",judi
806,A ğ™€ ğ™ ğ™Š ğŸ´ ğŸ´adalah platform yang terus berkembang dan berinovasi. ğŸ…,judi
807,Semoga rezeki dari Ğ E R Ğ 8 ğŸ¾-ini berkah dan bermanfaat! ğŸ˜œ,judi
808,"Efisiensi nomor satu, í‘¨í‘³í‘¬í‘¿í‘°í‘º17 memang andalannya.",judi
809,Wajarlah ïš©í˜¼í™‡í™€í™“í™„í™17ïš©! dikagumi banyak orang.,judi
810,Wajarlah ïš©í˜¼í™‡í™€í™“í™„í™17ïš©! dikagumi banyak orang.,judi
811,"Sukses selalu â­ A L E X I S 1 7 â­, semoga makin banyak fitur keren!",judi
812,"Cepat, tepat, andal, itu tiga kata buat í‘¨í‘³í‘¬í‘¿í‘°í‘º17.",judi
813,"Komentar ini khusus untuk bilang, â­ A L E X I S 1 7 â­ jempolan!",judi
814,"Kolom komentar penuh dukungan, berarti í‘¨í‘³í‘¬í‘¿í‘°í‘º17 emang trusted.",judi
815,"Pas pertama lihat namanya, langsung penasaran â­ A L E X I S 1 7 â­ apaan.",judi
816,"Gila sih, Main bareng âš¡ALEXIS17âš¡ selalu seru!",judi
817,"Selalu setia dengan A L E X I S 1 7, tempatnya hoki terus. Gak bakal nyesel deh!",judi
818,ğŸ”¥ï¼¡ï¼¬ï¼¥ï¼¸ï¼©ï¼³ï¼‘ï¼—ğŸ”¥ Bikin aku betah terus main. Rasain sendiri keseruannya!,judi
819,ğŸ”¥ï¼¡ï¼¬ï¼¥ï¼¸ï¼©ï¼³ï¼‘ï¼—ğŸ”¥ Bikin aku betah terus main. Jangan sampai ketinggalan!,judi
820,Wajib coba! âš¡ALEXIS17âš¡ emang beda kelas!,judi
821,ğŸ”¥ï¼¡ï¼¬ï¼¥ï¼¸ï¼©ï¼³ï¼‘ï¼—ğŸ”¥ Bikin semangat terus setiap hari. Rasain sendiri keseruannya!,judi
822,Gokil! Main bareng âš¡ALEXIS17âš¡ selalu seru!,judi
823,"Bersama â¤ğ—” ğ—Ÿ ğ—˜ ğ— ğˆ ğ’ 1 7â¤, bikin hariku makin berwarna. Langsung daftar sekarang!",judi
824,Mantap! âš¡ALEXIS17âš¡ emang gak pernah ngecewain!,judi
825,"Bersama A L E X I S 1 7, bikin hariku makin berwarna. Buktikan sendiri serunya!",judi
826,"Hiburan seru dan menguntungkan, hanya di ğ´ E ğ‘ ğ™Š 8 ğŸª! ğŸº",judi
827,"Main di A Ğ• Ğ¯ ğ‘‚ 8 ğŸ´-bikin happy banget, hasilnya gacir abis! ğŸµ",judi
828,"Jika Anda mencari rasa kebersamaan, ğ˜ˆ ğ‘‹ ğ¿ ğŸ½ ğŸ© ğŸ©-layak dicoba. ğŸ±",judi
829,"Happy banget bisa dapet rezeki besar dari ğ˜ˆ X ğ™‡ 7 ğŸ³ ğŸ©,bener-bener puas! ğŸ¦¯",judi
830,"Gak nyangka bisa dapat segini dari ğ€ ğ‘‹ ğ™‡ ğŸ³ 7 ğŸ³,auto traktir sekeluarga! ğŸ‘",judi
831,Mencari platform yang mudah digunakan dan lugas? Ğ ğ„ ğ‘ O ğŸ¾ 8-mungkin jawabannya. ğŸ¥™,judi
832,Mencari kegiatan baru? ğ´ E Ğ¯ ğ ğŸª ğŸ¾-menawarkan pengalaman yang menarik. ğŸ,judi
833,"Gak pernah bosan main ğ€ X ğ˜“ ğŸ© ğŸ© ğŸ½,selalu ada yang baru! ğŸ‘‹",judi
834,"Nggak pernah gagal dapet menang besar di ğ˜ˆ ğ„ Ğ¯ O ğŸª ğŸ´,luar biasa! ğŸ¥‡",judi
835,"Bermain di ğ€ ğ™“ L ğŸ½ ğŸ© ğŸ©-secara otomatis membuat hati bahagia, rezeki memang sudah ada yang mengatur dan menjamin! ğŸ‚",judi
836,"Main lagi di A ğ˜Ÿ L ğŸ© 7 ğŸ½,siapa tau rezeki datang lagi! ğŸ©",judi
837,ğŸ”¥ï¼¡ï¼¬ï¼¥ï¼¸ï¼©ï¼³ï¼‘ï¼—ğŸ”¥ Bikin semangat terus setiap hari. Rasain sendiri keseruannya!,judi
838,Mantap! Gak bisa move on dari serunya ğŸ”¥âš¡ALEXIS17âš¡?ğŸ”¥,judi
839,Mantap! âš¡ALEXIS17âš¡ selalu kasih kejutan seru!,judi
840,"Mantap! Gabung sekarang juga di âš¡ALEXIS17âš¡, buruan!",judi
841,ğŸ”¥ï¼¡ï¼¬ï¼¥ï¼¸ï¼©ï¼³ï¼‘ï¼—ğŸ”¥ Bikin auto happy!. Gaskeun!,judi
842,Keren banget! Rasanya gak lengkap sehari tanpa ğŸ”¥âš¡ALEXIS17âš¡?ğŸ”¥,judi
843,Gokil! Dijamin puas main di ğŸ”¥âš¡ALEXIS17âš¡?ğŸ”¥,judi
844,"Coba deh A L E X I S 1 7, jadi tempat pelarian paling asik. Buktikan sendiri serunya!",judi
845,"Gak salah pilih â¤ğ—” ğ—Ÿ ğ—˜ ğ— ğˆ ğ’ 1 7â¤, selalu kasih vibe positif. Buktikan sendiri serunya!",judi
846,"Gila sih, Dijamin puas main di ğŸ”¥âš¡ALEXIS17âš¡?ğŸ”¥",judi
847,A L E X I S 1 7 Udah kayak rumah sendiri. Kapan lagi coba?,judi
848,"Mantap! Gabung sekarang juga di âš¡ALEXIS17âš¡, buruan!",judi
849,Wow! Bangga banget jadi bagian dari ğŸ”¥âš¡ALEXIS17âš¡?ğŸ”¥,judi
850,Wajib coba! Bangga banget jadi bagian dari ğŸ”¥âš¡ALEXIS17âš¡?ğŸ”¥,judi
851,Mantap iwan dia udah nyempetin diri buat main lagi meskipun cuma sebentar,non-judi
852,Seru abis! Gak nyangka bisa menang terus di ğŸ”¥âš¡ALEXIS17âš¡?ğŸ”¥,judi
853,Seru abis! Udah coba âš¡ALEXIS17âš¡? Rugi banget kalo belum!,judi
854,"Gila sih, Main bareng âš¡ALEXIS17âš¡ selalu seru!",judi
855,Keren banget! Cuma di âš¡ALEXIS17âš¡ bisa dapet vibe kayak gini!,judi
856,"Pilihan utama: ğŸ”¥ï¼¡ï¼¬ï¼¥ï¼¸ï¼©ï¼³ï¼‘ï¼—ğŸ”¥, selalu kasih vibe positif. Kapan lagi coba?",judi
857,"Beneran deh, â¤A L E X I S 1 7â¤ emang paling top!",judi
858,"Gak salah pilih A L E X I S 1 7, udah kayak rumah sendiri. Gak bakal nyesel deh!",judi
859,Seru abis! Dijamin puas main di ğŸ”¥âš¡ALEXIS17âš¡?ğŸ”¥,judi
860,"Beneran deh, Rasanya gak lengkap sehari tanpa ğŸ”¥âš¡ALEXIS17âš¡?ğŸ”¥",judi
861,Mantap! Bangga banget jadi bagian dari ğŸ”¥âš¡ALEXIS17âš¡?ğŸ”¥,judi
862,Seru abis! Main bareng âš¡ALEXIS17âš¡ selalu seru!,judi
863,A L E X I S 1 7 Selalu kasih vibe positif. Jangan sampai ketinggalan!,judi
864,"Cuma di sini, Main âš¡ALEXIS17âš¡ bikin nagih banget!",judi
865,Wow! Cuma di âš¡ALEXIS17âš¡ bisa dapet vibe kayak gini!,judi
866,"Gila sih, Gabung sekarang juga di âš¡ALEXIS17âš¡, buruan!",judi
867,"Cari yang seru? Ya A L E X I S 1 7, tempatnya hoki terus. Beneran asik banget!",judi
868,"Cuma di sini, Tempat paling aman dan asik? ğŸ”¥âš¡ALEXIS17âš¡?ğŸ”¥",judi
869,"Mantap! Gabung sekarang juga di âš¡ALEXIS17âš¡, buruan!",judi
870,"Gila sih, Main âš¡ALEXIS17âš¡ bikin nagih banget!",judi
871,"Langsung ke A L E X I S 1 7, selalu kasih vibe positif. Rasain sendiri keseruannya!",judi
872,"Coba deh A L E X I S 1 7, bikin hariku makin berwarna. Rasain sendiri keseruannya!",judi
873,"Pilihan utama: A L E X I S 1 7, udah kayak rumah sendiri. Gaskeun!",judi
874,"Beneran deh, Rasanya gak lengkap sehari tanpa ğŸ”¥âš¡ALEXIS17âš¡?ğŸ”¥",judi
875,"Langsung ke ğŸ”¥ï¼¡ï¼¬ï¼¥ï¼¸ï¼©ï¼³ï¼‘ï¼—ğŸ”¥, bikin aku betah terus main. Buktikan sendiri serunya!",judi
876,Wajib coba! Main âš¡ALEXIS17âš¡ bikin nagih banget!,judi
877,ğŸ° Setiap hari ada kejutan di ğ‘ºğ‘¼ğ‘¯ğ‘¼ğŸ‘ğŸğŸ–! ğŸ’ğŸ’¥,judi
878,"âš¡ Main bentar, cuan lancar! ğ‘ºğ‘¼ğ‘¯ğ‘¼ğŸ‘ğŸğŸ– solusi sultan! ğŸ¤‘",judi
879,"ğŸ’ Cuan mudah, rejeki lancar di ğ‘ºğ‘¼ğ‘¯ğ‘¼ğŸ‘ğŸğŸ–! ğŸ’°",judi
880,ğŸ¤™ğŸ¤™ğŸ¤™Situss yang paling aku sukaa ğ‘ºğ‘¼ğ‘¯ğ‘¼ğŸ‘ğŸğŸ–ğŸ˜,judi
881,ğŸ’° Modal tipis bisa jadi tebal di ğ‘ºğ‘¼ğ‘¯ğ‘¼ğŸ‘ğŸğŸ–! ğŸ’,judi
882,Gokil! âš¡ALEXIS17âš¡ selalu kasih kejutan seru!,judi
883,"ğŸ’ Cuan mudah, rejeki lancar di ğ‘ºğ‘¼ğ‘¯ğ‘¼ğŸ‘ğŸğŸ–! ğŸ’°",judi
884,Jepe terus di ğ‘ºğ‘¼ğ‘¯ğ‘¼ğŸ‘ğŸğŸ–,judi
885,"Main di ğ‘ºğ‘¼ğ‘¯ğ‘¼ğŸ‘ğŸğŸ– auto happy, rezeki emang sudah diatur!",judi
886,"ğŸ’ Hoki tiada henti di ğ‘ºğ‘¼ğ‘¯ğ‘¼ğŸ‘ğŸğŸ–, ayo main! ğŸš€",judi
887,"ğŸ° Game terbaik, peluang menang terbesar! ğ‘ºğ‘¼ğ‘¯ğ‘¼ğŸ‘ğŸğŸ–! ğŸ’¥",judi
888,Suka kejutan? Langsung coba main di ğ‘ºğ‘¼ğ‘¯ğ‘¼ğŸ‘ğŸğŸ– dan rasakan rezekinya!,judi
889,"âš¡ Hanya spin sedikit, cuan melimpah di ğ‘ºğ‘¼ğ‘¯ğ‘¼ğŸ‘ğŸğŸ–! ğŸ’",judi
890,"ğŸ’° Sensasi menang tiada henti, cuma di ğ‘ºğ‘¼ğ‘¯ğ‘¼ğŸ‘ğŸğŸ–! ğŸš€ğŸ˜",judi
891,"Cuma di sini, âš¡âš¡ALEXIS17âš¡âš¡ selalu kasih kejutan seru!",judi
892,"Beneran deh, Gabung sekarang juga di âš¡ALEXIS17âš¡, buruan!",judi
893,"Bersama A L E X I S 1 7, sumber kebahagiaan harian. Langsung daftar sekarang!",judi
894,"Bersama A L E X I S 1 7, udah kayak rumah sendiri. Yuk gabung sekarang juga!",judi
895,"Cuma di sini, Tempat paling aman dan asik? ğŸ”¥âš¡ALEXIS17âš¡?ğŸ”¥",judi
896,Seru abis! Langsung hoki sejak join ğŸ”¥âš¡ALEXIS17âš¡?ğŸ”¥,judi
897,âš¡ Keberuntungan selalu berpihak di ğ‘ºğ‘¼ğ‘¯ğ‘¼ğŸ‘ğŸğŸ–! ğŸ’°ğŸ”¥,judi
898,"ğŸ¯ Pasti menang, pasti untung! Hanya di ğ‘ºğ‘¼ğ‘¯ğ‘¼ğŸ‘ğŸğŸ–! ğŸ’°",judi
899,"Jakpot besar yang bikin hari makin seru, cuma di ğ‘ºğ‘¼ğ‘¯ğ‘¼ğŸ‘ğŸğŸ– !",judi
900,"Cuma di sini, Cuma di âš¡ALEXIS17âš¡ bisa dapet vibe kayak gini!",judi
901,"ğŸ’ Dari receh jadi sultan, main di ğ‘ºğ‘¼ğ‘¯ğ‘¼ğŸ‘ğŸğŸ– emang worth it! ğŸ°ğŸ’¥",judi
902,"ğŸ”¥ Siapa cepat dia dapat, cuan besar hanya di ğ‘ºğ‘¼ğ‘¯ğ‘¼ğŸ‘ğŸğŸ–! ğŸ’°",judi
903,"Dengan modal sedikit bisa dapat untung berlimpah di ğ‘ºğ‘¼ğ‘¯ğ‘¼ğŸ‘ğŸğŸ–,sungguh ajaib!",judi
904,ğŸ° Keberuntungan berpihak padamu! ğ‘ºğ‘¼ğ‘¯ğ‘¼ğŸ‘ğŸğŸ– luar biasa! ğŸš€,judi
905,"ğŸ’¥ Spin sekali, untung berkali-kali! ğ‘ºğ‘¼ğ‘¯ğ‘¼ğŸ‘ğŸğŸ– emang beda! âš¡ğŸš€",judi
906,"Dengan modal sedikit bisa dapat untung berlimpah di ğ‘ºğ‘¼ğ‘¯ğ‘¼ğŸ‘ğŸğŸ–,sungguh ajaib!",judi
907,"Rezeki hari ini datang dari ğ‘ºğ‘¼ğ‘¯ğ‘¼ğŸ‘ğŸğŸ– , makasih atas keberuntungannya!",judi
908,"ğŸ’ Cuan deras, hasil fantastis! ğ‘ºğ‘¼ğ‘¯ğ‘¼ğŸ‘ğŸğŸ– emang terbaik! ğŸ’°",judi
909,ğ‘ºğ‘¼ğ‘¯ğ‘¼ğŸ‘ğŸğŸ– tempat paling uhuy!,judi
910,"ğŸ’¥ Cuan lancar tiap hari, modal kecil hasilnya luar biasa! ğ‘ºğ‘¼ğ‘¯ğ‘¼ğŸ‘ğŸğŸ– ğŸ’°ğŸ˜",judi
911,"Nggak ada yang bisa prediksi, tapi di ğ‘ºğ‘¼ğ‘¯ğ‘¼ğŸ‘ğŸğŸ–,keberuntungan bisa datang kapan saja!",judi
912,"Main di ğ‘ºğ‘¼ğ‘¯ğ‘¼ğŸ‘ğŸğŸ– bikin happy banget, hasilnya gacir abis!",judi
913,ğ‘ºğ‘¼ğ‘¯ğ‘¼ğŸ‘ğŸğŸ– tempat mengadu nasip!,judi
914,"ğŸ¯ Rezeki selalu datang di ğ‘ºğ‘¼ğ‘¯ğ‘¼ğŸ‘ğŸğŸ–, langsung coba! ğŸ”¥ğŸš€",judi
915,Mencari platform untuk mengekspresikan diri? ğ‘ºğ‘¼ğ‘¯ğ‘¼ğŸ‘ğŸğŸ–  bisa menjadi pilihan.,judi
916,"âš¡ Main bentar, cuan lancar! ğ‘ºğ‘¼ğ‘¯ğ‘¼ğŸ‘ğŸğŸ– solusi sultan! ğŸ¤‘",judi
917,Gak pernah kecewa nonton video kamu! Selalu bermanfaat dan seru! dp 5k di Weton88,judi
918,Mantap durasinya panjang ğŸ‘ğŸ‘ğŸ‘ğŸ‘ğŸ‘ cari WETON88 di google,judi
919,Sukaaa bangettt sama â­ğ—ªğ—˜ğ—§ğ—¢ğ—¡ğŸ´ğŸ´,judi
920,coba buy spin 20k malah maxwin kwkwkkw makasih ğŸš©Weton88ğŸš© nyata emng,judi
921,"Konten yang gw tunggu sehabis pulang kerja gas ramaikan bro biar mledak vidionya ,Salam â­ğ—ªğ—˜ğ—§ğ—¢ğ—¡ğŸ´ğŸ´!",judi
922,"Sempet coba yang lain tapi gak semanis di ğŸš©Weton88ğŸš© ,sering ngasih wede bang coba deh cari aja di google",judi
923,Sukaaa bangettt sama â­ğ—ªğ—˜ğ—§ğ—¢ğ—¡ğŸ´ğŸ´,judi
924,Sukaaa bangettt sama â­ğ—ªğ—˜ğ—§ğ—¢ğ—¡ğŸ´ğŸ´,judi
925,"Cuma di sini, âš¡ALEXIS17âš¡ bikin hariku lebih berwarna!",judi
926,Wow! âš¡ALEXIS17âš¡ emang gak pernah ngecewain!,judi
927,Keren banget! âš¡ALEXIS17âš¡ itu andalan gue sekarang!,judi
928,"Gila sih, âš¡ALEXIS17âš¡ emang beda kelas!",judi
929,"Main di ğ‘ºğ‘¼ğ‘¯ğ‘¼ğŸ‘ğŸğŸ– bikin happy banget, hasilnya gacir abis!",judi
930,ğŸ”¥ Banjir cuan! ğ‘ºğ‘¼ğ‘¯ğ‘¼ğŸ‘ğŸğŸ– gak ada lawan! ğŸ¤‘,judi
931,Situs palling mantap ğ‘ºğ‘¼ğ‘¯ğ‘¼ğŸ‘ğŸğŸ–ğŸ˜,judi
932,Gokil banget ğ‘ºğ‘¼ğ‘¯ğ‘¼ğŸ‘ğŸğŸ–,judi
933,"âš¡ Main bentar, cuan lancar! ğ‘ºğ‘¼ğ‘¯ğ‘¼ğŸ‘ğŸğŸ– solusi sultan! ğŸ¤‘",judi
934,"Main di ğ‘ºğ‘¼ğ‘¯ğ‘¼ğŸ‘ğŸğŸ– bikin happy banget, hasilnya gacir abis!",judi
935,"Gak mau ketinggalan, main di ğ‘ºğ‘¼ğ‘¯ğ‘¼ğŸ‘ğŸğŸ– langsung dapet jakpot gede!",judi
936,"ğŸ’¥Baru main di ğ‘ºğ‘¼ğ‘¯ğ‘¼ğŸ‘ğŸğŸ–, saldo langsung naik drastis! ğŸš€ğŸ’°",judi
937,terima kasi rezekinya  â­ğ—ªğ—˜ğ—§ğ—¢ğ—¡ğŸ´ğŸ´,judi
938,ğŸš©ğ—ªğ—˜ğ—§ğ—¢ğ—¡ğŸ´ğŸ´ tempat paling uhuy!,judi
939,"terimakasih selalu upload bg, walaupun masih sibukğŸ‰ğ—ªğ—˜ğ—§ğ—¢ğ—¡ğŸ´ğŸ´",judi
940,"Ok min, lanjut WETON88",judi
941,Busett cerahh banget ğŸš©ğ—ªğ—˜ğ—§ğ—¢ğ—¡ğŸ´ğŸ´ğŸš© encess sama koinya lagi ngasih mulu,judi
942,emng bener kemarin udah coba di probet hari ini mau gas lagi ahh ğŸš©ğ—ªğ—˜ğ—§ğ—¢ğ—¡ğŸ´ğŸ´ğŸš© kawan berbuah manis,judi
943,Weton88 is the best â¤â¤â¤,judi
944,Semangat bang buat konten nya ğŸ˜ŠSalam ğ—ªğ—˜ğ—§ğ—¢ğ—¡ğŸ´ğŸ´! gampang Jepe,judi
945,"Keren sih ğ—ªğ—˜ğ—§ğ—¢ğ—¡ğŸ´ğŸ´, main bentar auto jepe.",judi
946,Busett cerahh banget ğŸš©ğ—ªğ—˜ğ—§ğ—¢ğ—¡ğŸ´ğŸ´ğŸš© encess sama koinya lagi ngasih mulu,judi
947,"Salut bang keren kontennya , salam Jepe DI â­ğ—ªğ—˜ğ—§ğ—¢ğ—¡ğŸ´ğŸ´",judi
948,Sukaaa bangettt sama â­ğ—ªğ—˜ğ—§ğ—¢ğ—¡ğŸ´ğŸ´,judi
949,"Konten yang gw tunggu sehabis pulang kerja gas ramaikan bro biar mledak vidionya ,Salam â­ğ—ªğ—˜ğ—§ğ—¢ğ—¡ğŸ´ğŸ´!",judi
950,05:35 âš¡ï¸WETON88âš¡ï¸ tempat ngadu nasib wkwkw,judi
951,0:02 Wah keren Weton88 terbaik menang mudah,judi
952,Awal kebangkitan cuan pasti di WETON88,judi
953,"Ok min, lanjut WETON88",judi
954,Jujur klo main mending di weton88 bang,judi
955,gw udah coba guys di Weton88 cair mulu ğŸ‘,judi
956,Awal kebangkitan cuan pasti di WETON88,judi
957,Squad yg di tunggu2.. kalo di ML squad M1 kalo di PUBG Red Alien..,non-judi
958,Gokil! Main bareng âš¡ALEXIS17âš¡ selalu seru!,judi
959,Wan rangkad kah kaya max,non-judi
960,A L E X I S 1 7 Bikin aku betah terus main. Gak bakal nyesel deh!,judi
961,Mantap! Bangga banget jadi bagian dari ğŸ”¥âš¡ALEXIS17âš¡?ğŸ”¥,judi
962,"Buruan ke A L E X I S 1 7, bikin hariku makin berwarna. Gak bakal nyesel deh!",judi
963,Akhirnya yg di tunggu2ğŸ˜ ğ—ªğ—˜ğ—§ğ—¢ğ—¡ğŸ´ğŸ´,judi
964,Jujur klo main mending di weton88 bang,judi
965,"jepey trs tiap hari, cuma diğ—ªğ—˜ğ—§ğ—¢ğ—¡ğŸ´ğŸ´â­",judi
966,ğ—ªğ—˜ğ—§ğ—¢ğ—¡ğŸ´ğŸ´ bikin maxwin makin gampang,judi
967,"coba di ğŸš©ğ—ªğ—˜ğ—§ğ—¢ğ—¡ğŸ´ğŸ´ğŸš©, gak ribet ! salam petir x 500",judi
968,Streamer favorit â¤ dan selalu menunggu update terbarunya ğŸ˜ğŸ˜ semangat terus bang ğŸ’ªğŸ’ª salam Jepe ğ—ªğ—˜ğ—§ğ—¢ğ—¡ğŸ´ğŸ´,judi
969,"Keren banget! Menang banyak di WETON88,auto liburan mewah!",judi
970,"Cakep Kali ğŸš©ğ—ªğ—˜ğ—§ğ—¢ğ—¡ğŸ´ğŸ´ğŸš©, Bravo..",judi
971,jepey gmpng banget di ğ—ªğ—˜ğ—§ğ—¢ğ—¡ğŸ´ğŸ´ â­,judi
972,The best tahun ini di ğ—ªğ—˜ğ—§ğ—¢ğ—¡ğŸ´ğŸ´ pasti byar!,judi
973,Jujur klo main mending di weton88 bang,judi
974,"Salam â­ğ—ªğ—˜ğ—§ğ—¢ğ—¡ğŸ´ğŸ´! gampang Jepe ,Sehat selalu buat semuanya",judi
975,Ini live tgl brp?,non-judi
976,â¤ğ—” ğ—Ÿ ğ—˜ ğ— ğˆ ğ’ 1 7â¤ Jadi tempat pelarian paling asik. Langsung daftar sekarang!,judi
977,Seru abis! âš¡ALEXIS17âš¡ selalu kasih kejutan seru!,judi
978,Gokil! Main bareng âš¡ALEXIS17âš¡ selalu seru!,judi
979,"Wow! Gabung sekarang juga di âš¡ALEXIS17âš¡, buruan!",judi
980,"Cuma di sini, Gak nyangka bisa menang terus di ğŸ”¥âš¡ALEXIS17âš¡?ğŸ”¥",judi
981,Gokil! Udah coba ğŸ”¥âš¡ALEXIS17âš¡?ğŸ”¥ Rugi banget kalo belum!,judi
982,"Selalu setia dengan A L E X I S 1 7, tempatnya hoki terus. Gak bakal nyesel deh!",judi
983,â¤ğ—” ğ—Ÿ ğ—˜ ğ— ğˆ ğ’ 1 7â¤ Bikin auto happy!. Rasain sendiri keseruannya!,judi
984,â¤ğ—” ğ—Ÿ ğ—˜ ğ— ğˆ ğ’ 1 7â¤ Bikin aku betah terus main. Kapan lagi coba?,judi
985,Wajib coba! âš¡ALEXIS17âš¡ selalu kasih kejutan seru!,judi
986,"Beneran deh, Bangga banget jadi bagian dari ğŸ”¥âš¡ALEXIS17âš¡?ğŸ”¥",judi
987,"Cuma di sini, âš¡ALEXIS17âš¡ emang beda kelas!",judi
988,Seperti biasa yurino beban ğŸ˜‚,non-judi
989,Wajib coba! âš¡ALEXIS17âš¡ itu andalan gue sekarang!,judi
990,"Beneran deh, âš¡ALEXIS17âš¡ itu andalan gue sekarang!",judi
991,wkwkkw wan wan katanya udhan,non-judi
992,saran aja ko kalo emg live ada promosi jud*l trus live nya mau di jadiin konten sensor itu si jud*l nya,non-judi
993,NGUMPUL BAHAS TIM IPOS YANG LAGI TOLOL YA ğŸ¤£ğŸ¤£ğŸ§ ğŸ‘ˆ,non-judi
994,NGUMPUL BAHAS TIM IPOS YANG LAGI TOLOL YA ğŸ¤£ğŸ¤£ğŸ§ ğŸ‘ˆ,non-judi
995,KANGEN BANGET DENGAN ROASTER WORLD EVOS M1 INI,non-judi
996,Ohh oura masih main ml iya tak kira cuma jualan diamon,non-judi
997,"Gw gakan main ml lagi gais , nyenyenye wkwkww , nnti rungkad jga balik , wan wanğŸ¤£ bodoh ajja pengikut dia   suruh balik nnton pas butuh aja wwkkw",non-judi
998,Panutan aing main Mlbb,non-judi
999,Miss world,non-judi
1000,gak ada lagi generasi eko dkk....bahkan rrq pun,non-judi
1001,â¤â¤â¤ğŸ˜Š,non-judi
1002,Tgn tua hhhhhh,non-judi
1003,"Iya eudrora  xpline aja GG ,bang",non-judi
1004,Btw roster cadangan pas juara M1 siapa aja guys  Lupa gua,non-judi
1005,wkwkwkwkwk,non-judi
1006,Kren,non-judi
1007,"Beneran deh, âš¡ALEXIS17âš¡ bikin hariku lebih berwarna!",judi
1008,Seru abis! âš¡ALEXIS17âš¡ selalu kasih kejutan seru!,judi
1009,Kira ba Iwan udah pensi ko?,non-judi
1010,Alexix 17 cuh kntol,non-judi
1011,Ph udh M 234567891011 indo masih terjebak nostalgia di m1 doang wkwk,non-judi
1012,Kangen wan,non-judi
1013,yang setuju roster m1 ikut tuurnamen online,non-judi
1014,mantap oura ğŸ”¥ğŸ”¥ğŸ”¥,non-judi
1015,Setidaknya indonesia masih piala m1ğŸ‰,non-judi
1016,cuma evos,non-judi
1017,Gemparin mpl bang pada main lg apa,non-judi
1018,M1 DI KASIH SAMA BANGXINNN FINAL BARENG TIM INDO JUGA,non-judi
1019,"Kalo di inget udah nambah umur 6thn.Sehat"" kalian semua,thanks masekoo!! Bukan hanya terhibur tp terobati rindu ğŸ˜",non-judi
1020,"Lebih asik pake meta jaman kalian main dulu bang, pasti berasa nostalgianyağŸ˜…",non-judi
1021,Gw sedang menunggu super star evos vs rrq,non-judi
1022,Kalau ada yg nonton Naruto.. Roster M1 ini kayak para Kage terdahulu yg di edotense pas perang shinobi,non-judi
1023,absolute cinema,non-judi
1024,"Lah katanya si wann gabakalan keliatan di kamera ini ini ini bla bla bla, tpi kok ini??",non-judi
1025,Kan reuni doang kalo gak reuni di discord,non-judi
1026,0:57 3 kata lucu udah ga passion ğŸ˜‚,non-judi
1027,Bilang udah d jual akunnya wann  ?,non-judi
1028,Poke,non-judi
1029,Loh katanya WANN Uda full pensi? Gimana dah,non-judi
1030,Nostalgia tim M1ğŸ”¥ğŸ”¥,non-judi
1031,lah katanya wannn pensi? omdo doang kah?ğŸ˜‚,non-judi
1032,"NEXT FULL ROSTER EVOS MPL S1 LEK,KALO BISA REMATCH SAMA NXL WKWKKWKWğŸ˜‚",non-judi
1033,Sepuhhhhhâ¤,non-judi
1034,Gue malah kangen Bang Wann live menghibur bngt Livestream nya,non-judi
1035,EVOS M1 vs RRQ jaman old juga ga si bangg ????,non-judi
1036,y,non-judi
1037,y,non-judi
1038,Katanya pensi main ? WANN,non-judi
1039,YUR YURğŸ¤£ğŸ¤£ğŸ¤£ğŸ¤£ğŸ¤£ğŸ¤£ğŸ¤£ğŸ¤£,non-judi
1040,mekanik eko masih tajam,non-judi
1041,epos india the best ğŸ˜ğŸ˜ğŸ‘ğŸ‘,non-judi
1042,Bisa ini ngalahin PH,non-judi
1043,Bang oke meta Hiro s4 sama m1 aja,non-judi
1044,"Tu wan ada, bullshit kalo bilang stop main",non-judi
1045,Bukannya akun wann sudah dijual? Ohh kontenn doang,non-judi